rubriek,htr_notaris,inventarisnummer,serienummer,htr_titel,htr_aantal_scans,htr_status
8,JAN FRANSSEN BRUIJNINGH ,173,KLAF00792,173_KLAF00792,110,GT
18,PALM MATHIJSZ,481B,A26334,481B_A26334,326,GT
20,JACOB JANSZ WESTFRISIUS ,494,A26620,494_A26620,284,GT
20,JACOB JANSZ WESTFRISIUS,509,A21956,509_A21956,282,GT
20,JACOB JANSZ WESTFRISIUS,562A,A25337,562A_A25337,110,GT
20,JACOB JANSZ WESTFRISIUS,492,A26627,492_A26627,258,HTR
20,JACOB JANSZ WESTFRISIUS,493,A26625,493_A26625,299,HTR
20,JACOB JANSZ WESTFRISIUS,495,A26631,495_A26631,286,HTR
20,JACOB JANSZ WESTFRISIUS,496,A25878,496_A25878,302,HTR
20,JACOB JANSZ WESTFRISIUS,497,A25837,497_A25837,294,HTR
20,JACOB JANSZ WESTFRISIUS,498,A25835,498_A25835,277,HTR
20,JACOB JANSZ WESTFRISIUS,500,A25094,500_A25094,273,HTR
20,JACOB JANSZ WESTFRISIUS,501,A25118,501_A25118,269,HTR
20,JACOB JANSZ WESTFRISIUS,502,A25137,502_A25137,278,HTR
20,JACOB JANSZ WESTFRISIUS,503,A24169,503_A24169,297,HTR
20,JACOB JANSZ WESTFRISIUS,504,A16647,504_A16647,271,HTR
20,JACOB JANSZ WESTFRISIUS,505,A16648,505_A16648,246,HTR
20,JACOB JANSZ WESTFRISIUS,506,A22984,506_A22984,288,HTR
20,JACOB JANSZ WESTFRISIUS,507,A22985,507_A22985,273,HTR
20,JACOB JANSZ WESTFRISIUS,508,A22986,508_A22986,288,HTR
20,JACOB JANSZ WESTFRISIUS,510,A24167,510_A24167,284,HTR
20,JACOB JANSZ WESTFRISIUS,511,A24168,511_A24168,273,HTR
20,JACOB JANSZ WESTFRISIUS,512,NOTA00051,512_NOTA00051,186,HTR
20,JACOB JANSZ WESTFRISIUS,513,NOTA00052,513_NOTA00052,306,HTR
20,JACOB JANSZ WESTFRISIUS,514,NOTA00053,514_NOTA00053,197,HTR
20,JACOB JANSZ WESTFRISIUS,515,NOTA00054,515_NOTA00054,285,HTR
20,JACOB JANSZ WESTFRISIUS,516,NOTA00055,516_NOTA00055,295,HTR
20,JACOB JANSZ WESTFRISIUS,517,NOTA00056,517_NOTA00056,283,HTR
20,JACOB JANSZ WESTFRISIUS,518,NOTA00057,518_NOTA00057,264,HTR
20,JACOB JANSZ WESTFRISIUS,519,NOTA00058,519_NOTA00058,253,HTR
20,JACOB JANSZ WESTFRISIUS,520,NOTA00059,520_NOTA00059,265,HTR
20,JACOB JANSZ WESTFRISIUS,521,NOTA00060,521_NOTA00060,275,HTR
20,JACOB JANSZ WESTFRISIUS,522,NOTA00061,522_NOTA00061,303,HTR
20,JACOB JANSZ WESTFRISIUS,523,A32501,523_A32501,285,HTR
20,JACOB JANSZ WESTFRISIUS,524,NOTA00062,524_NOTA00062,289,HTR
20,JACOB JANSZ WESTFRISIUS,525,NOTA00063,525_NOTA00063,279,HTR
20,JACOB JANSZ WESTFRISIUS,526,A32515,526_A32515,303,HTR
48,JOOST VAN DE VEN ,1165,A14251,1165_A14251,285,GT
48,JOOST VAN DE VEN,1157,A29824,1157_A29824,218,HTR
48,JOOST VAN DE VEN,1158,A29816,1158_A29816,153,HTR
48,JOOST VAN DE VEN,1159,A29806,1159_A29806,185,HTR
48,JOOST VAN DE VEN,1160,A29802,1160_A29802,280,HTR
48,JOOST VAN DE VEN,1161,A29800,1161_A29800,280,HTR
48,JOOST VAN DE VEN,1162,A29825,1162_A29825,278,HTR
48,JOOST VAN DE VEN,1163,A29811,1163_A29811,286,HTR
48,JOOST VAN DE VEN,1164,A29827,1164_A29827,360,HTR
48,JOOST VAN DE VEN,1166,A29852,1166_A29852,65,HTR
48,JOOST VAN DE VEN,1167,A14250,1167_A14250,157,HTR
48,JOOST VAN DE VEN,1168,KLAF00645,1168_KLAF00645,98,HTR
48,JOOST VAN DE VEN,1169,KLAF00648,1169_KLAF00648,192,HTR
49,JAN DE VOS,1183,NOTG00415,1183_NOTG00415,134,GT
54,HENDRIK SCHAEF,1278,A31203,1278_A31203,212,HTR
54,HENDRIK SCHAEF,1279,A30746,1279_A30746,87,GT
54,HENDRIK SCHAEF,1280,A30768,1280_A30768,199,GT
54,HENDRIK SCHAEF,1281,A30761,1281_A30761,76,GT
54,HENDRIK SCHAEF,1282,A30772,1282_A30772,90,GT
54,HENDRIK SCHAEF,1283,A20362,1283_A20362,142,GT
54,HENDRIK SCHAEF,1284,A30708,1284_A30708,96,GT
54,HENDRIK SCHAEF,1285,KLAB05520,1285_KLAB05520,190,GT
54,HENDRIK SCHAEF,1286,KLAB05528,1286_KLAB05528,50,GT
54,HENDRIK SCHAEF,1287,KLAB05564,1287_KLAB05564,195,HTR
54,HENDRIK SCHAEF,1288,KLAB05555,1288_KLAB05555,72,HTR
54,HENDRIK SCHAEF,1289,KLAB05562,1289_KLAB05562,202,HTR
54,HENDRIK SCHAEF,1290,KLAB04784,1290_KLAB04784,69,HTR
54,HENDRIK SCHAEF,1291,KLAB04820,1291_KLAB04820,210,HTR
54,HENDRIK SCHAEF,1292,KLAB04762,1292_KLAB04762,52,GT
54,HENDRIK SCHAEF,1293,KLAB04781,1293_KLAB04781,241,HTR
54,HENDRIK SCHAEF,1294,A26669,1294_A26669,230,HTR
54,HENDRIK SCHAEF,1295,KLAC01164,1295_KLAC01164,247,HTR
54,HENDRIK SCHAEF,1296,KLAB03099,1296_KLAB03099,247,HTR
54,HENDRIK SCHAEF,1297,A30998,1297_A30998,59,HTR
54,HENDRIK SCHAEF,1298,KLAC01212,1298_KLAC01212,238,HTR
54,HENDRIK SCHAEF,1299,KLAC01194,1299_KLAC01194,55,HTR
54,HENDRIK SCHAEF,1300,KLAD01885,1300_KLAD01885,272,HTR
54,HENDRIK SCHAEF,1301,KLAD01840,1301_KLAD01840,254,HTR
54,HENDRIK SCHAEF,1302,KLAD01900,1302_KLAD01900,55,GT
54,HENDRIK SCHAEF,1303,KLAD01899,1303_KLAD01899,286,HTR
54,HENDRIK SCHAEF,1304,KLAD01887,1304_KLAD01887,297,HTR
54,HENDRIK SCHAEF,1305,KLAD01893,1305_KLAD01893,149,HTR
54,HENDRIK SCHAEF,1306,A32698,1306_A32698,269,HTR
54,HENDRIK SCHAEF,1307,KLAD01877,1307_KLAD01877,148,HTR
54,HENDRIK SCHAEF,1308,A24966,1308_A24966,125,HTR
54,HENDRIK SCHAEF,1309,A20373,1309_A20373,52,HTR
54,HENDRIK SCHAEF,1310,A23644,1310_A23644,326,HTR
54,HENDRIK SCHAEF,1311,NOTG00054,1311_NOTG00054,432,HTR
54,HENDRIK SCHAEF,1312,A23645,1312_A23645,370,HTR
54,HENDRIK SCHAEF,1313,A23646,1313_A23646,243,HTR
54,HENDRIK SCHAEF,1314,A23647,1314_A23647,253,HTR
54,HENDRIK SCHAEF,1315,A23648,1315_A23648,156,HTR
54,HENDRIK SCHAEF,1316,A23649,1316_A23649,108,HTR
54,HENDRIK SCHAEF,1317,A23650,1317_A23650,249,HTR
54,HENDRIK SCHAEF,1318,A23651,1318_A23651,197,HTR
54,HENDRIK SCHAEF,1319,A23652,1319_A23652,179,HTR
54,HENDRIK SCHAEF,1320,A23653,1320_A23653,222,HTR
54,HENDRIK SCHAEF,1321,A23654,1321_A23654,199,HTR
54,HENDRIK SCHAEF,1322,A23655,1322_A23655,229,HTR
54,HENDRIK SCHAEF,1323,A23656,1323_A23656,239,HTR
54,HENDRIK SCHAEF,1324,A23657,1324_A23657,124,HTR
54,HENDRIK SCHAEF,1325,A23658,1325_A23658,242,HTR
54,HENDRIK SCHAEF,1326,A23659,1326_A23659,88,HTR
54,HENDRIK SCHAEF,1327,A23660,1327_A23660,66,HTR
54,HENDRIK SCHAEF,1328,A23661,1328_A23661,46,HTR
54,HENDRIK SCHAEF,1329,A20015,1329_A20015,147,HTR
54,HENDRIK SCHAEF,1330,KLAG03343,1330_KLAG03343,135,HTR
54,HENDRIK SCHAEF,1331,KLAD01971,1331_KLAD01971,60,HTR
54,HENDRIK SCHAEF,1332,A33628,1332_A33628,157,HTR
54,HENDRIK SCHAEF,1333,A16607,1333_A16607,92,HTR
54,HENDRIK SCHAEF,1334,A16608,1334_A16608,75,HTR
54,HENDRIK SCHAEF,1335,A16128,1335_A16128,121,HTR
54,HENDRIK SCHAEF,1336,A33621,1336_A33621,100,HTR
54,HENDRIK SCHAEF,1337,A33642,1337_A33642,104,HTR
54,HENDRIK SCHAEF,1338,KLAD02241,1338_KLAD02241,103,HTR
54,HENDRIK SCHAEF,1339,KLAD02233,1339_KLAD02233,123,HTR
54,HENDRIK SCHAEF,1340,KLAD02222,1340_KLAD02222,117,HTR
54,HENDRIK SCHAEF,1341,A33641,1341_A33641,92,HTR
54,HENDRIK SCHAEF,1342,KLAD02194,1342_KLAD02194,107,HTR
54,HENDRIK SCHAEF,1343,KLAD02179,1343_KLAD02179,106,HTR
54,HENDRIK SCHAEF,1344,KLAG05131,1344_KLAG05131,32,HTR
54,HENDRIK SCHAEF,1345,KLAD01958,1345_KLAD01958,121,HTR
54,HENDRIK SCHAEF,1346,A16039,1346_A16039,107,HTR
54,HENDRIK SCHAEF,1347,KLAD01984,1347_KLAD01984,110,HTR
54,HENDRIK SCHAEF,1348,KLAD01959,1348_KLAD01959,37,HTR
54,HENDRIK SCHAEF,1349,KLAD01982,1349_KLAD01982,104,HTR
54,HENDRIK SCHAEF,1350,KLAG05101,1350_KLAG05101,31,HTR
54,HENDRIK SCHAEF,1351,KLAD01930,1351_KLAD01930,76,HTR
54,HENDRIK SCHAEF,1352,A20014,1352_A20014,103,HTR
54,HENDRIK SCHAEF,1353,KLAD01960,1353_KLAD01960,90,HTR
54,HENDRIK SCHAEF,1354,KLAD01983,1354_KLAD01983,98,HTR
54,HENDRIK SCHAEF,1355,A32419,1355_A32419,142,HTR
54,HENDRIK SCHAEF,1356,A32406,1356_A32406,73,HTR
54,HENDRIK SCHAEF,1357,A32396,1357_A32396,143,HTR
54,HENDRIK SCHAEF,1358,A33853,1358_A33853,148,HTR
54,HENDRIK SCHAEF,1359,A16581,1359_A16581,144,HTR
54,HENDRIK SCHAEF,1360,A26673,1360_A26673,140,HTR
54,HENDRIK SCHAEF,1361,A24963,1361_A24963,147,HTR
54,HENDRIK SCHAEF,1362,A26736,1362_A26736,143,HTR
54,HENDRIK SCHAEF,1363,A26720,1363_A26720,143,HTR
54,HENDRIK SCHAEF,1364,A33864,1364_A33864,141,HTR
54,HENDRIK SCHAEF,1365,A33852,1365_A33852,63,HTR
54,HENDRIK SCHAEF,1366,A30981,1366_A30981,144,HTR
54,HENDRIK SCHAEF,1367,KLAD01936,1367_KLAD01936,128,HTR
54,HENDRIK SCHAEF,1368,KLAD01978,1368_KLAD01978,144,HTR
54,HENDRIK SCHAEF,1369,A25702,1369_A25702,142,HTR
54,HENDRIK SCHAEF,1370,KLAD01948,1370_KLAD01948,61,HTR
54,HENDRIK SCHAEF,1371,KLAD01928,1371_KLAD01928,141,HTR
54,HENDRIK SCHAEF,1372,KLAD01927,1372_KLAD01927,48,HTR
54,HENDRIK SCHAEF,1374,KLAD02350,1374_KLAD02350,105,HTR
54,HENDRIK SCHAEF,1375,KLAD01555,1375_KLAD01555,87,HTR
54,HENDRIK SCHAEF,1376,KLAD01549,1376_KLAD01549,75,HTR
54,HENDRIK SCHAEF,1377,A20429,1377_A20429,144,HTR
54,HENDRIK SCHAEF,1378,A30705,1378_A30705,119,HTR
54,HENDRIK SCHAEF,1379,KLAD01539,1379_KLAD01539,59,HTR
54,HENDRIK SCHAEF,1380,KLAD01532,1380_KLAD01532,85,HTR
54,HENDRIK SCHAEF,1381,KLAD01557,1381_KLAD01557,103,HTR
54,HENDRIK SCHAEF,1382,A16415,1382_A16415,70,HTR
54,HENDRIK SCHAEF,1383,KLAD01545,1383_KLAD01545,90,HTR
54,HENDRIK SCHAEF,1384,A23539,1384_A23539,123,HTR
54,HENDRIK SCHAEF,1385,KLAD02331,1385_KLAD02331,103,HTR
54,HENDRIK SCHAEF,1386,KLAD02349,1386_KLAD02349,95,HTR
54,HENDRIK SCHAEF,1387,A31025,1387_A31025,104,HTR
54,HENDRIK SCHAEF,1388,KLAD02306,1388_KLAD02306,94,HTR
54,HENDRIK SCHAEF,1389,KLAD03198,1389_KLAD03198,136,HTR
54,HENDRIK SCHAEF,1390,KLAD03197,1390_KLAD03197,101,HTR
54,HENDRIK SCHAEF,1391,KLAD03196,1391_KLAD03196,85,HTR
54,HENDRIK SCHAEF,1392,KLAD03195,1392_KLAD03195,124,HTR
54,HENDRIK SCHAEF,1393,KLAD03194,1393_KLAD03194,134,HTR
54,HENDRIK SCHAEF,1394,KLAD03363,1394_KLAD03363,77,HTR
54,HENDRIK SCHAEF,1395,KLAD03391,1395_KLAD03391,97,HTR
54,HENDRIK SCHAEF,1396,KLAD03375,1396_KLAD03375,98,HTR
54,HENDRIK SCHAEF,1397,KLAD03352,1397_KLAD03352,86,HTR
54,HENDRIK SCHAEF,1398,KLAD03522,1398_KLAD03522,102,HTR
54,HENDRIK SCHAEF,1399,NOTD00099,1399_NOTD00099,98,HTR
54,HENDRIK SCHAEF,1400,NOTD00100,1400_NOTD00100,65,HTR
54,HENDRIK SCHAEF,1401,A31068,1401_A31068,95,HTR
54,HENDRIK SCHAEF,1402,KLAG05092,1402_KLAG05092,43,HTR
54,HENDRIK SCHAEF,1403,NOTD00101,1403_NOTD00101,119,HTR
54,HENDRIK SCHAEF,1404,NOTD00102,1404_NOTD00102,29,HTR
54,HENDRIK SCHAEF,1405,NOTD00103,1405_NOTD00103,90,HTR
54,HENDRIK SCHAEF,1406,NOTD00104,1406_NOTD00104,71,HTR
54,HENDRIK SCHAEF,1373A,NOTC00997,1373A_NOTC00997,52,HTR
54,HENDRIK SCHAEF,1373B,NOTC00998,1373B_NOTC00998,55,HTR
54,HENDRIK SCHAEF,1373C,NOTC00999,1373C_NOTC00999,58,HTR
54,HENDRIK SCHAEF,1373D,NOTC01000,1373D_NOTC01000,36,HTR
54,HENDRIK SCHAEF,1373E,KLAG03197,1373E_KLAG03197,52,HTR
54,HENDRIK SCHAEF,1373F,NOTC01001,1373F_NOTC01001,27,HTR
54,HENDRIK SCHAEF,1373G,NOTC01002,1373G_NOTC01002,17,HTR
54,HENDRIK SCHAEF,1373H,NOTC01003,1373H_NOTC01003,11,HTR
54,HENDRIK SCHAEF,1373I,KLAG05143,1373I_KLAG05143,34,HTR
54,HENDRIK SCHAEF,1373K,NOTC01004,1373K_NOTC01004,28,HTR
57,GILLES BORSSELAER ,1496,NOTJ01398,1496_NOTJ01398,83,GT
57,GILLES BORSSELAER,1478,NOTJ01391,1478_NOTJ01391,212,HTR
57,GILLES BORSSELAER,1479,A16609,1479_A16609,119,HTR
57,GILLES BORSSELAER,1480,NOTJ01392,1480_NOTJ01392,302,HTR
57,GILLES BORSSELAER,1481,NOTJ01393,1481_NOTJ01393,234,HTR
57,GILLES BORSSELAER,1482,NOTJ01394,1482_NOTJ01394,258,HTR
57,GILLES BORSSELAER,1483,NOTJ01395,1483_NOTJ01395,312,HTR
57,GILLES BORSSELAER,1484,KLAC03975,1484_KLAC03975,526,HTR
57,GILLES BORSSELAER,1485,NOTJ01396,1485_NOTJ01396,566,HTR
57,GILLES BORSSELAER,1486,KLAF01217,1486_KLAF01217,646,HTR
57,GILLES BORSSELAER,1487,NOTJ01397,1487_NOTJ01397,414,HTR
57,GILLES BORSSELAER,1488,KLAF01252,1488_KLAF01252,368,HTR
57,GILLES BORSSELAER,1489,KLAF01273,1489_KLAF01273,256,HTR
57,GILLES BORSSELAER,1490,KLAF01288,1490_KLAF01288,261,HTR
57,GILLES BORSSELAER,1491,A15875,1491_A15875,450,HTR
57,GILLES BORSSELAER,1492,NOTG00055,1492_NOTG00055,401,HTR
57,GILLES BORSSELAER,1493,A11290,1493_A11290,267,HTR
57,GILLES BORSSELAER,1494,A11036,1494_A11036,230,HTR
57,GILLES BORSSELAER,1495,A34900,1495_A34900,288,HTR
84,DAVID DOORNICK,1970A,A29700,1970A_A29700,424,GT
84,DAVID DOORNICK,1970B,A24201,1970B_A24201,415,GT
84,DAVID DOORNICK,1926,NOTD02619,1926_NOTD02619,284,HTR
84,DAVID DOORNICK,1927,NOTD02620,1927_NOTD02620,170,HTR
84,DAVID DOORNICK,1928,NOTD02621,1928_NOTD02621,208,HTR
84,DAVID DOORNICK,1929,NOTD02622,1929_NOTD02622,243,HTR
84,DAVID DOORNICK,1930,NOTD02623,1930_NOTD02623,195,HTR
84,DAVID DOORNICK,1931,NOTD02624,1931_NOTD02624,191,HTR
84,DAVID DOORNICK,1932,NOTD02625,1932_NOTD02625,189,HTR
84,DAVID DOORNICK,1933,NOTD02626,1933_NOTD02626,205,HTR
84,DAVID DOORNICK,1934,NOTD02627,1934_NOTD02627,174,HTR
84,DAVID DOORNICK,1935,NOTD02628,1935_NOTD02628,164,HTR
84,DAVID DOORNICK,1936,NOTD02629,1936_NOTD02629,114,HTR
84,DAVID DOORNICK,1937,NOTD02630,1937_NOTD02630,93,HTR
84,DAVID DOORNICK,1938,NOTD02631,1938_NOTD02631,140,HTR
84,DAVID DOORNICK,1939,KLAB04463,1939_KLAB04463,108,HTR
84,DAVID DOORNICK,1940,NOTD02632,1940_NOTD02632,104,HTR
84,DAVID DOORNICK,1941,KLAB04791,1941_KLAB04791,128,HTR
84,DAVID DOORNICK,1942,KLAB04453,1942_KLAB04453,179,HTR
84,DAVID DOORNICK,1943,NOTD02633,1943_NOTD02633,108,HTR
84,DAVID DOORNICK,1944,NOTD02634,1944_NOTD02634,104,HTR
84,DAVID DOORNICK,1945,KLAB03880,1945_KLAB03880,261,HTR
84,DAVID DOORNICK,1946,KLAB09776,1946_KLAB09776,859,HTR
84,DAVID DOORNICK,1947,KLAB09739,1947_KLAB09739,878,HTR
84,DAVID DOORNICK,1948,KLAB09790,1948_KLAB09790,1007,HTR
84,DAVID DOORNICK,1949,NOTA00166,1949_NOTA00166,883,HTR
84,DAVID DOORNICK,1950,NOTD02635,1950_NOTD02635,220,HTR
84,DAVID DOORNICK,1951,A24200,1951_A24200,245,HTR
84,DAVID DOORNICK,1952,NOTD02636,1952_NOTD02636,207,HTR
84,DAVID DOORNICK,1953,A32926,1953_A32926,267,HTR
84,DAVID DOORNICK,1954,NOTD02637,1954_NOTD02637,193,HTR
84,DAVID DOORNICK,1955,NOTD02638,1955_NOTD02638,179,HTR
84,DAVID DOORNICK,1956,NOTD02639,1956_NOTD02639,211,HTR
84,DAVID DOORNICK,1957,KLAB06562,1957_KLAB06562,203,HTR
84,DAVID DOORNICK,1958,NOTD02640,1958_NOTD02640,283,HTR
84,DAVID DOORNICK,1959,NOTD02641,1959_NOTD02641,214,HTR
84,DAVID DOORNICK,1960,NOTD02642,1960_NOTD02642,170,HTR
84,DAVID DOORNICK,1961,NOTD02643,1961_NOTD02643,264,HTR
84,DAVID DOORNICK,1962,NOTD02644,1962_NOTD02644,250,HTR
84,DAVID DOORNICK,1963,NOTD02645,1963_NOTD02645,220,HTR
84,DAVID DOORNICK,1964,KLAB04785,1964_KLAB04785,234,HTR
84,DAVID DOORNICK,1965,NOTD02646,1965_NOTD02646,295,HTR
84,DAVID DOORNICK,1966,NOTD02647,1966_NOTD02647,244,HTR
84,DAVID DOORNICK,1967,NOTD02648,1967_NOTD02648,251,HTR
84,DAVID DOORNICK,1968,NOTD02649,1968_NOTD02649,293,HTR
84,DAVID DOORNICK,1969,NOTD02650,1969_NOTD02650,225,HTR
95,ADRIAEN LOCK,2261A,A27312,2261A_A27312,438,GT
95,ADRIAEN LOCK,2261B,A27393,2261B_A27393,427,GT
95,ADRIAEN LOCK,2262A,A27422,2262A_A27422,456,GT
95,ADRIAEN LOCK,2262B,A27350,2262B_A27350,346,GT
95,ADRIAEN LOCK,2184,KLAM08485,2184_KLAM08485,151,HTR
95,ADRIAEN LOCK,2163,KLAB07936,2163_KLAB07936,235,HTR
95,ADRIAEN LOCK,2164,KLAB07525,2164_KLAB07525,219,HTR
95,ADRIAEN LOCK,2165,NOTD00167,2165_NOTD00167,169,HTR
95,ADRIAEN LOCK,2166,NOTD00168,2166_NOTD00168,168,HTR
95,ADRIAEN LOCK,2167,NOTD00169,2167_NOTD00169,75,HTR
95,ADRIAEN LOCK,2168,NOTD00170,2168_NOTD00170,118,HTR
95,ADRIAEN LOCK,2169,NOTD00171,2169_NOTD00171,139,HTR
95,ADRIAEN LOCK,2170,NOTD00172,2170_NOTD00172,145,HTR
95,ADRIAEN LOCK,2171,NOTD00173,2171_NOTD00173,181,HTR
95,ADRIAEN LOCK,2172,KLAB08494,2172_KLAB08494,158,HTR
95,ADRIAEN LOCK,2173,KLAB09518,2173_KLAB09518,164,HTR
95,ADRIAEN LOCK,2174,NOTD00174,2174_NOTD00174,180,HTR
95,ADRIAEN LOCK,2175,NOTD00175,2175_NOTD00175,154,HTR
95,ADRIAEN LOCK,2176,NOTD00176,2176_NOTD00176,164,HTR
95,ADRIAEN LOCK,2177,NOTD00177,2177_NOTD00177,115,HTR
95,ADRIAEN LOCK,2178,KLAB09413,2178_KLAB09413,185,HTR
95,ADRIAEN LOCK,2179,NOTD00178,2179_NOTD00178,108,HTR
95,ADRIAEN LOCK,2180,NOTG00450,2180_NOTG00450,133,HTR
95,ADRIAEN LOCK,2181,NOTD00179,2181_NOTD00179,123,HTR
95,ADRIAEN LOCK,2182,KLAB08489,2182_KLAB08489,214,HTR
95,ADRIAEN LOCK,2183,KLAB08553,2183_KLAB08553,130,HTR
95,ADRIAEN LOCK,2185,KLAB09456,2185_KLAB09456,155,HTR
95,ADRIAEN LOCK,2186,KLAB06892,2186_KLAB06892,335,HTR
95,ADRIAEN LOCK,2187A,NOTC01105,2187A_NOTC01105,442,HTR
95,ADRIAEN LOCK,2187B,NOTC01106,2187B_NOTC01106,530,HTR
95,ADRIAEN LOCK,2188A,NOTC01107,2188A_NOTC01107,594,HTR
95,ADRIAEN LOCK,2188B,NOTC01108,2188B_NOTC01108,592,HTR
95,ADRIAEN LOCK,2189A,NOTC01109,2189A_NOTC01109,487,HTR
95,ADRIAEN LOCK,2189B,NOTC01110,2189B_NOTC01110,640,HTR
95,ADRIAEN LOCK,2190,KLAD01238,2190_KLAD01238,814,HTR
95,ADRIAEN LOCK,2191,KLAD01242,2191_KLAD01242,923,HTR
95,ADRIAEN LOCK,2192,KLAD01202,2192_KLAD01202,751,HTR
95,ADRIAEN LOCK,2193,KLAD01188,2193_KLAD01188,619,HTR
95,ADRIAEN LOCK,2194,KLAD02658,2194_KLAD02658,700,HTR
95,ADRIAEN LOCK,2195,KLAD02642,2195_KLAD02642,573,HTR
95,ADRIAEN LOCK,2196,NOTC00065,2196_NOTC00065,636,HTR
95,ADRIAEN LOCK,2197,NOTC00066,2197_NOTC00066,770,HTR
95,ADRIAEN LOCK,2198,NOTC00067,2198_NOTC00067,714,HTR
95,ADRIAEN LOCK,2199,NOTC00068,2199_NOTC00068,834,HTR
95,ADRIAEN LOCK,2200,NOTC00069,2200_NOTC00069,813,HTR
95,ADRIAEN LOCK,2201,NOTC00070,2201_NOTC00070,842,HTR
95,ADRIAEN LOCK,2202,KLAC03939,2202_KLAC03939,957,HTR
95,ADRIAEN LOCK,2203,KLAC03953,2203_KLAC03953,867,HTR
95,ADRIAEN LOCK,2204,NOTC00071,2204_NOTC00071,897,HTR
95,ADRIAEN LOCK,2205,NOTC00072,2205_NOTC00072,904,HTR
95,ADRIAEN LOCK,2206,NOTC00073,2206_NOTC00073,947,HTR
95,ADRIAEN LOCK,2207,NOTC00074,2207_NOTC00074,960,HTR
95,ADRIAEN LOCK,2208,NOTC00075,2208_NOTC00075,1103,HTR
95,ADRIAEN LOCK,2209,NOTC00076,2209_NOTC00076,1058,HTR
95,ADRIAEN LOCK,2210,NOTC00077,2210_NOTC00077,1227,HTR
95,ADRIAEN LOCK,2211,NOTC00078,2211_NOTC00078,1020,HTR
95,ADRIAEN LOCK,2212A,NOTC01117,2212A_NOTC01117,585,HTR
95,ADRIAEN LOCK,2212B,NOTC01118,2212B_NOTC01118,618,HTR
95,ADRIAEN LOCK,2213A,KLAB02795,2213A_KLAB02795,597,HTR
95,ADRIAEN LOCK,2213B,NOTC01119,2213B_NOTC01119,472,HTR
95,ADRIAEN LOCK,2214A,NOTC01120,2214A_NOTC01120,595,HTR
95,ADRIAEN LOCK,2214B,NOTC01121,2214B_NOTC01121,623,HTR
95,ADRIAEN LOCK,2215A,NOTC01122,2215A_NOTC01122,638,HTR
95,ADRIAEN LOCK,2215B,NOTC01123,2215B_NOTC01123,575,HTR
95,ADRIAEN LOCK,2216A,NOTC01124,2216A_NOTC01124,545,HTR
95,ADRIAEN LOCK,2216B,NOTC01125,2216B_NOTC01125,609,HTR
95,ADRIAEN LOCK,2217A,NOTC01126,2217A_NOTC01126,489,HTR
95,ADRIAEN LOCK,2217B,NOTC01127,2217B_NOTC01127,537,HTR
95,ADRIAEN LOCK,2218A,NOTC01128,2218A_NOTC01128,628,HTR
95,ADRIAEN LOCK,2218B,NOTC01129,2218B_NOTC01129,604,HTR
95,ADRIAEN LOCK,2219A,KLAD02006,2219A_KLAD02006,676,HTR
95,ADRIAEN LOCK,2219B,NOTC01130,2219B_NOTC01130,539,HTR
95,ADRIAEN LOCK,2220,NOTC00079,2220_NOTC00079,796,HTR
95,ADRIAEN LOCK,2221,NOTC00080,2221_NOTC00080,901,HTR
95,ADRIAEN LOCK,2222,KLAC02348,2222_KLAC02348,1003,HTR
95,ADRIAEN LOCK,2223,NOTC00081,2223_NOTC00081,899,HTR
95,ADRIAEN LOCK,2224,NOTC00082,2224_NOTC00082,1051,HTR
95,ADRIAEN LOCK,2225,NOTC00083,2225_NOTC00083,1058,HTR
95,ADRIAEN LOCK,2226,NOTC00084,2226_NOTC00084,984,HTR
95,ADRIAEN LOCK,2227,NOTC00085,2227_NOTC00085,1002,HTR
95,ADRIAEN LOCK,2228,NOTC00086,2228_NOTC00086,1112,HTR
95,ADRIAEN LOCK,2229,NOTC00087,2229_NOTC00087,1174,HTR
95,ADRIAEN LOCK,2230,NOTC00088,2230_NOTC00088,1189,HTR
95,ADRIAEN LOCK,2231,NOTC00089,2231_NOTC00089,1183,HTR
95,ADRIAEN LOCK,2232,KLAD01848,2232_KLAD01848,857,HTR
95,ADRIAEN LOCK,2233,NOTC00090,2233_NOTC00090,983,HTR
95,ADRIAEN LOCK,2234,NOTC00091,2234_NOTC00091,995,HTR
95,ADRIAEN LOCK,2235,KLAB08344,2235_KLAB08344,888,HTR
95,ADRIAEN LOCK,2236,NOTC00092,2236_NOTC00092,1060,HTR
95,ADRIAEN LOCK,2237,KLAB06850,2237_KLAB06850,1137,HTR
95,ADRIAEN LOCK,2238,NOTC00093,2238_NOTC00093,1000,HTR
95,ADRIAEN LOCK,2239,NOTC00094,2239_NOTC00094,1212,HTR
95,ADRIAEN LOCK,2240,A31022,2240_A31022,879,HTR
95,ADRIAEN LOCK,2241A,KLAC01126,2241A_KLAC01126,682,HTR
95,ADRIAEN LOCK,2241B,NOTC01131,2241B_NOTC01131,603,HTR
95,ADRIAEN LOCK,2242A,NOTC01132,2242A_NOTC01132,556,HTR
95,ADRIAEN LOCK,2242B,NOTC01133,2242B_NOTC01133,593,HTR
95,ADRIAEN LOCK,2243,A31077,2243_A31077,976,HTR
95,ADRIAEN LOCK,2244A,A31000,2244A_A31000,692,HTR
95,ADRIAEN LOCK,2244B,NOTC01134,2244B_NOTC01134,590,HTR
95,ADRIAEN LOCK,2245,A31161,2245_A31161,1043,HTR
95,ADRIAEN LOCK,2246,NOTC00095,2246_NOTC00095,886,HTR
95,ADRIAEN LOCK,2247,NOTC00096,2247_NOTC00096,1063,HTR
95,ADRIAEN LOCK,2248,KLAB08833,2248_KLAB08833,931,HTR
95,ADRIAEN LOCK,2249A,NOTC01135,2249A_NOTC01135,710,HTR
95,ADRIAEN LOCK,2249B,KLAB00199,2249B_KLAB00199,722,HTR
95,ADRIAEN LOCK,2250A,NOTC01136,2250A_NOTC01136,593,HTR
95,ADRIAEN LOCK,2250B,NOTC01137,2250B_NOTC01137,576,HTR
95,ADRIAEN LOCK,2251,NOTC00097,2251_NOTC00097,763,HTR
95,ADRIAEN LOCK,2252,KLAB04605,2252_KLAB04605,958,HTR
95,ADRIAEN LOCK,2253,NOTC00098,2253_NOTC00098,519,HTR
95,ADRIAEN LOCK,2254,KLAB08930,2254_KLAB08930,592,HTR
95,ADRIAEN LOCK,2255A,KLAB09613,2255A_KLAB09613,332,HTR
95,ADRIAEN LOCK,2255B,NOTC01138,2255B_NOTC01138,348,HTR
95,ADRIAEN LOCK,2256,NOTC00099,2256_NOTC00099,598,HTR
95,ADRIAEN LOCK,2257,KLAB08759,2257_KLAB08759,505,HTR
95,ADRIAEN LOCK,2258,NOTC00100,2258_NOTC00100,499,HTR
95,ADRIAEN LOCK,2259,KLAB03368,2259_KLAB03368,500,HTR
95,ADRIAEN LOCK,2263,NOTD00180,2263_NOTD00180,705,HTR
95,ADRIAEN LOCK,2264,NOTD00181,2264_NOTD00181,588,HTR
95,ADRIAEN LOCK,2265,KLAG00617,2265_KLAG00617,640,HTR
95,ADRIAEN LOCK,2266,KLAG00618,2266_KLAG00618,776,HTR
95,ADRIAEN LOCK,2267,NOTD00182,2267_NOTD00182,761,HTR
95,ADRIAEN LOCK,2268,KLAB07514,2268_KLAB07514,752,HTR
95,ADRIAEN LOCK,2269,A31785,2269_A31785,836,HTR
95,ADRIAEN LOCK,2270,NOTD00183,2270_NOTD00183,776,HTR
95,ADRIAEN LOCK,2271,KLAB00086,2271_KLAB00086,980,HTR
95,ADRIAEN LOCK,2272,NOTD00184,2272_NOTD00184,884,HTR
98,JACOB DE WINTER,2278,A16097,2278_A16097,229,HTR
98,JACOB DE WINTER,2279,A20009,2279_A20009,244,HTR
98,JACOB DE WINTER,2280,A16099,2280_A16099,286,HTR
98,JACOB DE WINTER,2281,NOTD00185,2281_NOTD00185,262,HTR
98,JACOB DE WINTER,2282,A20713,2282_A20713,242,HTR
98,JACOB DE WINTER,2283,KLAD01654,2283_KLAD01654,262,HTR
98,JACOB DE WINTER,2284,NOTC00101,2284_NOTC00101,281,HTR
98,JACOB DE WINTER,2285,NOTD00186,2285_NOTD00186,252,HTR
98,JACOB DE WINTER,2286,NOTD00187,2286_NOTD00187,262,HTR
98,JACOB DE WINTER,2287,NOTD00188,2287_NOTD00188,259,HTR
98,JACOB DE WINTER,2288,NOTD00189,2288_NOTD00189,258,HTR
98,JACOB DE WINTER,2289,KLAB02710,2289_KLAB02710,202,HTR
98,JACOB DE WINTER,2290,A24452,2290_A24452,200,HTR
98,JACOB DE WINTER,2291,NOTD00190,2291_NOTD00190,210,HTR
98,JACOB DE WINTER,2292,KLAD02772,2292_KLAD02772,216,HTR
98,JACOB DE WINTER,2293,NOTD00191,2293_NOTD00191,203,HTR
98,JACOB DE WINTER,2294,NOTD00192,2294_NOTD00192,230,HTR
98,JACOB DE WINTER,2295,NOTD00193,2295_NOTD00193,224,HTR
98,JACOB DE WINTER,2296,A29075,2296_A29075,209,HTR
98,JACOB DE WINTER,2297,NOTD00194,2297_NOTD00194,217,HTR
98,JACOB DE WINTER,2298,NOTD00195,2298_NOTD00195,235,HTR
98,JACOB DE WINTER,2299,NOTD00196,2299_NOTD00196,269,HTR
98,JACOB DE WINTER,2300,A31799,2300_A31799,231,HTR
98,JACOB DE WINTER,2301,KLAC03415,2301_KLAC03415,254,HTR
98,JACOB DE WINTER,2302,NOTD00197,2302_NOTD00197,285,HTR
98,JACOB DE WINTER,2303,NOTD00198,2303_NOTD00198,238,HTR
98,JACOB DE WINTER,2304,NOTD00199,2304_NOTD00199,214,HTR
98,JACOB DE WINTER,2305,A34713,2305_A34713,276,HTR
98,JACOB DE WINTER,2306,NOTD00200,2306_NOTD00200,275,HTR
98,JACOB DE WINTER,2307,NOTD00201,2307_NOTD00201,110,HTR
98,JACOB DE WINTER,2308,NOTD00202,2308_NOTD00202,259,HTR
98,JACOB DE WINTER,2309,NOTD00203,2309_NOTD00203,283,HTR
98,JACOB DE WINTER,2310,NOTD00204,2310_NOTD00204,350,HTR
98,JACOB DE WINTER,2311,NOTD00205,2311_NOTD00205,277,HTR
98,JACOB DE WINTER,2312,NOTD00206,2312_NOTD00206,183,HTR
98,JACOB DE WINTER,2313,NOTD00207,2313_NOTD00207,232,HTR
98,JACOB DE WINTER,2314,NOTD00208,2314_NOTD00208,237,HTR
98,JACOB DE WINTER,2315,NOTD00209,2315_NOTD00209,311,HTR
98,JACOB DE WINTER,2316,A29605,2316_A29605,225,HTR
98,JACOB DE WINTER,2317,A29656,2317_A29656,314,HTR
98,JACOB DE WINTER,2318,A29123,2318_A29123,284,HTR
98,JACOB DE WINTER,2319,A34697,2319_A34697,242,HTR
98,JACOB DE WINTER,2320,A34715,2320_A34715,278,HTR
98,JACOB DE WINTER,2321,A35194,2321_A35194,245,HTR
98,JACOB DE WINTER,2322,A29087,2322_A29087,214,HTR
98,JACOB DE WINTER,2323,A28593,2323_A28593,339,HTR
98,JACOB DE WINTER,2324,KLAB08709,2324_KLAB08709,292,HTR
98,JACOB DE WINTER,2325,KLAB03356,2325_KLAB03356,283,HTR
98,JACOB DE WINTER,2326,KLAB03742,2326_KLAB03742,238,HTR
98,JACOB DE WINTER,2327,NOTD00210,2327_NOTD00210,255,HTR
98,JACOB DE WINTER,2328,NOTD00211,2328_NOTD00211,248,HTR
98,JACOB DE WINTER,2329,A34707,2329_A34707,176,HTR
98,JACOB DE WINTER,2330,NOTD00212,2330_NOTD00212,284,HTR
98,JACOB DE WINTER,2331,NOTD00213,2331_NOTD00213,241,HTR
98,JACOB DE WINTER,2332,NOTD00214,2332_NOTD00214,293,HTR
98,JACOB DE WINTER,2333,NOTD00215,2333_NOTD00215,246,HTR
98,JACOB DE WINTER,2334,NOTD00216,2334_NOTD00216,159,HTR
98,JACOB DE WINTER,2335,NOTD00217,2335_NOTD00217,209,HTR
98,JACOB DE WINTER,2336,NOTD00218,2336_NOTD00218,182,HTR
98,JACOB DE WINTER,2337,NOTD00219,2337_NOTD00219,140,HTR
98,JACOB DE WINTER,2338,NOTD00220,2338_NOTD00220,204,HTR
98,JACOB DE WINTER,2339,NOTD00221,2339_NOTD00221,180,HTR
98,JACOB DE WINTER,2340,NOTD00222,2340_NOTD00222,159,HTR
98,JACOB DE WINTER,2341,NOTD00223,2341_NOTD00223,213,HTR
98,JACOB DE WINTER,2342,NOTD00224,2342_NOTD00224,211,HTR
98,JACOB DE WINTER,2343,NOTD00225,2343_NOTD00225,250,HTR
98,JACOB DE WINTER,2344,NOTD00226,2344_NOTD00226,246,HTR
98,JACOB DE WINTER,2345,NOTD00227,2345_NOTD00227,347,HTR
98,JACOB DE WINTER,2346,NOTD00228,2346_NOTD00228,356,HTR
98,JACOB DE WINTER,2347,A33516,2347_A33516,326,HTR
98,JACOB DE WINTER,2348,NOTD00229,2348_NOTD00229,259,HTR
98,JACOB DE WINTER,2349,NOTD00230,2349_NOTD00230,256,HTR
98,JACOB DE WINTER,2350,NOTD00231,2350_NOTD00231,203,HTR
98,JACOB DE WINTER,2351,NOTD00232,2351_NOTD00232,235,HTR
98,JACOB DE WINTER,2352,NOTD00233,2352_NOTD00233,217,HTR
98,JACOB DE WINTER,2353,NOTD00234,2353_NOTD00234,440,HTR
98,JACOB DE WINTER,2354,NOTC00102,2354_NOTC00102,76,HTR
98,JACOB DE WINTER,2355,NOTD00235,2355_NOTD00235,250,HTR
98,JACOB DE WINTER,2356,KLAB07937,2356_KLAB07937,249,HTR
98,JACOB DE WINTER,2357,NOTD00236,2357_NOTD00236,257,HTR
98,JACOB DE WINTER,2358,KLAB08993,2358_KLAB08993,290,HTR
98,JACOB DE WINTER,2359,KLAB02344,2359_KLAB02344,223,HTR
98,JACOB DE WINTER,2360,NOTD00237,2360_NOTD00237,189,HTR
98,JACOB DE WINTER,2361,NOTD00238,2361_NOTD00238,189,HTR
98,JACOB DE WINTER,2362,NOTD00239,2362_NOTD00239,95,HTR
98,JACOB DE WINTER,2363,A32568,2363_A32568,130,HTR
98,JACOB DE WINTER,2364,A31967,2364_A31967,115,HTR
98,JACOB DE WINTER,2365,A29385,2365_A29385,156,HTR
98,JACOB DE WINTER,2366,NOTD00240,2366_NOTD00240,191,HTR
98,JACOB DE WINTER,2367,A31919,2367_A31919,176,HTR
98,JACOB DE WINTER,2368,NOTD00241,2368_NOTD00241,164,HTR
98,JACOB DE WINTER,2369,NOTD00242,2369_NOTD00242,151,HTR
98,JACOB DE WINTER,2370,NOTD00243,2370_NOTD00243,111,HTR
98,JACOB DE WINTER,2371,NOTD00244,2371_NOTD00244,159,HTR
98,JACOB DE WINTER,2372,NOTD00245,2372_NOTD00245,233,HTR
98,JACOB DE WINTER,2373,NOTD00246,2373_NOTD00246,178,HTR
98,JACOB DE WINTER,2374,A23382,2374_A23382,410,HTR
98,JACOB DE WINTER,2375,NOTD00247,2375_NOTD00247,313,HTR
98,JACOB DE WINTER,2376,NOTD00248,2376_NOTD00248,429,HTR
98,JACOB DE WINTER,2377,NOTD00249,2377_NOTD00249,385,HTR
98,JACOB DE WINTER,2378,A32533,2378_A32533,362,HTR
98,JACOB DE WINTER,2379,A29347,2379_A29347,360,HTR
98,JACOB DE WINTER,2380,KLAB06717,2380_KLAB06717,471,HTR
98,JACOB DE WINTER,2381,KLAL07785,2381_KLAL07785,236,HTR
98,JACOB DE WINTER,2382,A34709,2382_A34709,261,HTR
98,JACOB DE WINTER,2383,NOTD00251,2383_NOTD00251,253,HTR
98,JACOB DE WINTER,2384,NOTD00252,2384_NOTD00252,247,HTR
98,JACOB DE WINTER,2385,NOTD00253,2385_NOTD00253,203,HTR
98,JACOB DE WINTER,2386,NOTD00254,2386_NOTD00254,245,HTR
98,JACOB DE WINTER,2387,NOTD00255,2387_NOTD00255,287,HTR
98,JACOB DE WINTER,2388,NOTD00256,2388_NOTD00256,183,HTR
98,JACOB DE WINTER,2389,NOTD00257,2389_NOTD00257,208,HTR
98,JACOB DE WINTER,2390,NOTD00258,2390_NOTD00258,208,HTR
98,JACOB DE WINTER,2391,NOTD00259,2391_NOTD00259,310,HTR
98,JACOB DE WINTER,2392,NOTD00260,2392_NOTD00260,172,HTR
98,JACOB DE WINTER,2393,NOTD00261,2393_NOTD00261,227,HTR
98,JACOB DE WINTER,2394,NOTD00262,2394_NOTD00262,158,HTR
98,JACOB DE WINTER,2395,NOTD00263,2395_NOTD00263,166,HTR
98,JACOB DE WINTER,2396,NOTD00264,2396_NOTD00264,296,HTR
98,JACOB DE WINTER,2397,NOTD00265,2397_NOTD00265,413,HTR
98,JACOB DE WINTER,2398,A29600,2398_A29600,49,HTR
98,JACOB DE WINTER,2399,NOTG00007,2399_NOTG00007,47,HTR
98,JACOB DE WINTER,2400,NOTG00008,2400_NOTG00008,54,HTR
98,JACOB DE WINTER,2401,NOTG00009,2401_NOTG00009,48,HTR
98,JACOB DE WINTER,2402,A16096,2402_A16096,213,HTR
98,JACOB DE WINTER,2403,NOTD00266,2403_NOTD00266,149,HTR
98,JACOB DE WINTER,2404,NOTD00267,2404_NOTD00267,71,HTR
98,JACOB DE WINTER,2405,NOTD00268,2405_NOTD00268,148,HTR
98,JACOB DE WINTER,2406,NOTD00269,2406_NOTD00269,134,HTR
98,JACOB DE WINTER,2407,NOTD00270,2407_NOTD00270,141,HTR
98,JACOB DE WINTER,2408,A16098,2408_A16098,601,GT
98,JACOB DE WINTER,2409,A27338,2409_A27338,473,GT
98,JACOB DE WINTER,2410,A27318,2410_A27318,617,GT
98,JACOB DE WINTER,2413,KLAB06742,2413_KLAB06742,555,GT
98,JACOB DE WINTER,2414,A33443,2414_A33443,381,GT
98,JACOB DE WINTER,2415,NOTD00271,2415_NOTD00271,375,HTR
98,JACOB DE WINTER,2416,NOTD00272,2416_NOTD00272,286,HTR
98,JACOB DE WINTER,2417,NOTD00273,2417_NOTD00273,273,HTR
98,JACOB DE WINTER,2418,NOTD00274,2418_NOTD00274,193,HTR
98,JACOB DE WINTER,2419,NOTD00275,2419_NOTD00275,184,HTR
98,JACOB DE WINTER,2411A,NOTC01139,2411A_NOTC01139,305,GT
98,JACOB DE WINTER,2411B,NOTC01140,2411B_NOTC01140,182,GT
98,JACOB DE WINTER,2412A,A31971,2412A_A31971,264,GT
98,JACOB DE WINTER,2412B,A34977,2412B_A34977,253,GT
131,HENRICK VENKEL,3027,NOTI00199,3027_NOTI00199,101,GT
131,HENRICK VENKEL,3028,NOTI00200,3028_NOTI00200,81,GT
136,JACOB PONDT,3164,A27328,3164_A27328,575,GT
148,GERRIT VAN BREUGEL,3492,KLAD02782,3492_KLAD02782,184,HTR
148,GERRIT VAN BREUGEL,3493A,NOTC01172,3493A_NOTC01172,284,HTR
148,GERRIT VAN BREUGEL,3493B,NOTC01173,3493B_NOTC01173,264,HTR
148,GERRIT VAN BREUGEL,3494A,NOTC01174,3494A_NOTC01174,384,HTR
148,GERRIT VAN BREUGEL,3494B,NOTC01175,3494B_NOTC01175,216,HTR
148,GERRIT VAN BREUGEL,3495,NOTC00127,3495_NOTC00127,534,HTR
148,GERRIT VAN BREUGEL,3496,NOTC00128,3496_NOTC00128,545,HTR
148,GERRIT VAN BREUGEL,3497,NOTC00129,3497_NOTC00129,299,HTR
148,GERRIT VAN BREUGEL,3498,NOTC00130,3498_NOTC00130,369,HTR
148,GERRIT VAN BREUGEL,3499,NOTC00131,3499_NOTC00131,313,HTR
148,GERRIT VAN BREUGEL,3500,NOTC00132,3500_NOTC00132,394,HTR
148,GERRIT VAN BREUGEL,3501,NOTC00133,3501_NOTC00133,490,HTR
148,GERRIT VAN BREUGEL,3502,KLAB06068,3502_KLAB06068,495,HTR
148,GERRIT VAN BREUGEL,3503,NOTC00134,3503_NOTC00134,358,HTR
148,GERRIT VAN BREUGEL,3504,NOTC00135,3504_NOTC00135,373,HTR
148,GERRIT VAN BREUGEL,3506,NOTC00137,3506_NOTC00137,267,HTR
148,GERRIT VAN BREUGEL,3507,NOTG00213,3507_NOTG00213,251,HTR
148,GERRIT VAN BREUGEL,3508,NOTG00214,3508_NOTG00214,141,HTR
148,GERRIT VAN BREUGEL,3509,NOTG00215,3509_NOTG00215,178,HTR
148,GERRIT VAN BREUGEL,3505,NOTC00136,3505_NOTC00136,414,GT
152,ANTHONY VAN DE VEN,3603,KLAB00114,3603_KLAB00114,110,GT
174,DIRK VAN DER GROE,4074,KLAB09735,4074_KLAB09735,471,HTR
174,DIRK VAN DER GROE,4075,NOTA00185,4075_NOTA00185,493,HTR
174,DIRK VAN DER GROE,4076,KLAB08543,4076_KLAB08543,514,HTR
174,DIRK VAN DER GROE,4077,NOTA00186,4077_NOTA00186,549,HTR
174,DIRK VAN DER GROE,4078,NOTA00187,4078_NOTA00187,658,HTR
174,DIRK VAN DER GROE,4079,NOTA00188,4079_NOTA00188,601,HTR
174,DIRK VAN DER GROE,4080,NOTA00189,4080_NOTA00189,663,HTR
174,DIRK VAN DER GROE,4081,NOTA00190,4081_NOTA00190,700,HTR
174,DIRK VAN DER GROE,4082,NOTA00191,4082_NOTA00191,732,HTR
174,DIRK VAN DER GROE,4083,A34485,4083_A34485,632,HTR
174,DIRK VAN DER GROE,4084,NOTA00192,4084_NOTA00192,918,HTR
174,DIRK VAN DER GROE,4085,NOTA00193,4085_NOTA00193,787,HTR
174,DIRK VAN DER GROE,4086,NOTA00194,4086_NOTA00194,642,HTR
174,DIRK VAN DER GROE,4087,NOTA00195,4087_NOTA00195,486,HTR
174,DIRK VAN DER GROE,4088,KLAB09783,4088_KLAB09783,688,HTR
174,DIRK VAN DER GROE,4089,NOTA00196,4089_NOTA00196,413,HTR
174,DIRK VAN DER GROE,4090,NOTA00197,4090_NOTA00197,554,HTR
174,DIRK VAN DER GROE,4092,NOTA00200,4092_NOTA00200,543,HTR
174,DIRK VAN DER GROE,4093,NOTA00201,4093_NOTA00201,578,HTR
174,DIRK VAN DER GROE,4094,NOTA00202,4094_NOTA00202,555,HTR
174,DIRK VAN DER GROE,4095,NOTA00203,4095_NOTA00203,509,HTR
174,DIRK VAN DER GROE,4096,NOTA00204,4096_NOTA00204,640,HTR
174,DIRK VAN DER GROE,4097,NOTA00205,4097_NOTA00205,595,HTR
174,DIRK VAN DER GROE,4098,NOTA00206,4098_NOTA00206,674,HTR
174,DIRK VAN DER GROE,4099,NOTA00207,4099_NOTA00207,516,HTR
174,DIRK VAN DER GROE,4101,A34483,4101_A34483,657,HTR
174,DIRK VAN DER GROE,4102,KLAB08488,4102_KLAB08488,724,HTR
174,DIRK VAN DER GROE,4104,A25517,4104_A25517,648,HTR
174,DIRK VAN DER GROE,4107,NOTA00217,4107_NOTA00217,629,HTR
174,DIRK VAN DER GROE,4108,NOTA00218,4108_NOTA00218,694,HTR
174,DIRK VAN DER GROE,4109,A27081,4109_A27081,540,HTR
174,DIRK VAN DER GROE,4113,NOTA00222,4113_NOTA00222,511,HTR
174,DIRK VAN DER GROE,4114,A25579,4114_A25579,470,HTR
174,DIRK VAN DER GROE,4115,NOTA00223,4115_NOTA00223,387,HTR
174,DIRK VAN DER GROE,4116,A25524,4116_A25524,479,HTR
174,DIRK VAN DER GROE,4117,KLAB01200,4117_KLAB01200,400,HTR
174,DIRK VAN DER GROE,4118,KLAB01196,4118_KLAB01196,497,HTR
174,DIRK VAN DER GROE,4119,NOTA00224,4119_NOTA00224,514,HTR
174,DIRK VAN DER GROE,4120,NOTA00225,4120_NOTA00225,539,HTR
174,DIRK VAN DER GROE,4121,NOTA00226,4121_NOTA00226,532,HTR
174,DIRK VAN DER GROE,4122,KLAB07550,4122_KLAB07550,469,HTR
174,DIRK VAN DER GROE,4123,A25555,4123_A25555,503,HTR
174,DIRK VAN DER GROE,4124,A25559,4124_A25559,477,HTR
174,DIRK VAN DER GROE,4125,NOTA00227,4125_NOTA00227,448,HTR
174,DIRK VAN DER GROE,4126,NOTA00228,4126_NOTA00228,592,HTR
174,DIRK VAN DER GROE,4127,NOTA00229,4127_NOTA00229,460,HTR
174,DIRK VAN DER GROE,4128,NOTA00230,4128_NOTA00230,485,HTR
174,DIRK VAN DER GROE,4129,NOTA00231,4129_NOTA00231,509,HTR
174,DIRK VAN DER GROE,4130,KLAB07553,4130_KLAB07553,456,HTR
174,DIRK VAN DER GROE,4131,A24996,4131_A24996,413,HTR
174,DIRK VAN DER GROE,4132,NOTA00232,4132_NOTA00232,545,HTR
174,DIRK VAN DER GROE,4133,NOTA00233,4133_NOTA00233,490,HTR
174,DIRK VAN DER GROE,4134,KLAB04631,4134_KLAB04631,456,HTR
174,DIRK VAN DER GROE,4135,NOTA00234,4135_NOTA00234,632,HTR
174,DIRK VAN DER GROE,4136,A33519,4136_A33519,506,HTR
174,DIRK VAN DER GROE,4137,NOTA00235,4137_NOTA00235,397,HTR
174,DIRK VAN DER GROE,4138,NOTA00236,4138_NOTA00236,469,HTR
174,DIRK VAN DER GROE,4139,NOTA00237,4139_NOTA00237,487,HTR
174,DIRK VAN DER GROE,4140,NOTA00238,4140_NOTA00238,491,HTR
174,DIRK VAN DER GROE,4141,NOTA00239,4141_NOTA00239,509,HTR
174,DIRK VAN DER GROE,4142,NOTA00240,4142_NOTA00240,566,HTR
174,DIRK VAN DER GROE,4143,NOTA00241,4143_NOTA00241,418,HTR
174,DIRK VAN DER GROE,4145,NOTA00244,4145_NOTA00244,558,HTR
174,DIRK VAN DER GROE,4146,NOTA00245,4146_NOTA00245,437,HTR
174,DIRK VAN DER GROE,4147,NOTA00246,4147_NOTA00246,597,HTR
174,DIRK VAN DER GROE,4148,NOTA00247,4148_NOTA00247,621,HTR
174,DIRK VAN DER GROE,4149,NOTA00248,4149_NOTA00248,586,HTR
174,DIRK VAN DER GROE,4150,NOTA00249,4150_NOTA00249,490,HTR
174,DIRK VAN DER GROE,4151,NOTA00250,4151_NOTA00250,363,HTR
174,DIRK VAN DER GROE,4153,NOTA00253,4153_NOTA00253,492,HTR
174,DIRK VAN DER GROE,4154,NOTA00254,4154_NOTA00254,396,HTR
174,DIRK VAN DER GROE,4155,NOTA00255,4155_NOTA00255,488,HTR
174,DIRK VAN DER GROE,4156,NOTA00256,4156_NOTA00256,527,HTR
174,DIRK VAN DER GROE,4157,NOTA00257,4157_NOTA00257,623,HTR
174,DIRK VAN DER GROE,4158,NOTA00258,4158_NOTA00258,556,HTR
174,DIRK VAN DER GROE,4159,NOTA00259,4159_NOTA00259,670,HTR
174,DIRK VAN DER GROE,4160,NOTA00260,4160_NOTA00260,648,HTR
174,DIRK VAN DER GROE,4161,NOTA00261,4161_NOTA00261,690,HTR
174,DIRK VAN DER GROE,4162,NOTA00262,4162_NOTA00262,546,HTR
174,DIRK VAN DER GROE,4163,NOTA00263,4163_NOTA00263,552,HTR
174,DIRK VAN DER GROE,4164,NOTA00264,4164_NOTA00264,536,HTR
174,DIRK VAN DER GROE,4165,KLAB09785,4165_KLAB09785,637,HTR
174,DIRK VAN DER GROE,4167,A25538,4167_A25538,704,HTR
174,DIRK VAN DER GROE,4168,NOTA00266,4168_NOTA00266,553,HTR
174,DIRK VAN DER GROE,4169,NOTA00267,4169_NOTA00267,625,HTR
174,DIRK VAN DER GROE,4170,NOTA00268,4170_NOTA00268,532,HTR
174,DIRK VAN DER GROE,4173,NOTA00272,4173_NOTA00272,495,HTR
174,DIRK VAN DER GROE,4174,NOTA00273,4174_NOTA00273,637,HTR
174,DIRK VAN DER GROE,4175,KLAB07571,4175_KLAB07571,603,HTR
174,DIRK VAN DER GROE,4176,A25411,4176_A25411,542,HTR
174,DIRK VAN DER GROE,4177,NOTA00274,4177_NOTA00274,357,HTR
174,DIRK VAN DER GROE,4178,KLAB08227,4178_KLAB08227,298,HTR
174,DIRK VAN DER GROE,4179,KLAB08217,4179_KLAB08217,394,HTR
174,DIRK VAN DER GROE,4180,NOTA00275,4180_NOTA00275,588,HTR
174,DIRK VAN DER GROE,4183,A34466,4183_A34466,543,HTR
174,DIRK VAN DER GROE,4184,KLAB04850,4184_KLAB04850,527,HTR
174,DIRK VAN DER GROE,4185,NOTA00279,4185_NOTA00279,608,HTR
174,DIRK VAN DER GROE,4188,KLAB09725,4188_KLAB09725,568,HTR
174,DIRK VAN DER GROE,4189,KLAB07933,4189_KLAB07933,584,HTR
174,DIRK VAN DER GROE,4190,KLAB09132,4190_KLAB09132,356,HTR
174,DIRK VAN DER GROE,4191,KLAB09140,4191_KLAB09140,503,HTR
174,DIRK VAN DER GROE,4192,KLAC00868,4192_KLAC00868,536,HTR
174,DIRK VAN DER GROE,4193,KLAC00921,4193_KLAC00921,616,HTR
174,DIRK VAN DER GROE,4194,A26006,4194_A26006,601,HTR
174,DIRK VAN DER GROE,4196,KLAB09054,4196_KLAB09054,640,HTR
174,DIRK VAN DER GROE,4197,A26068,4197_A26068,668,HTR
174,DIRK VAN DER GROE,4198,KLAB09111,4198_KLAB09111,518,HTR
174,DIRK VAN DER GROE,4199,KLAB09078,4199_KLAB09078,580,HTR
174,DIRK VAN DER GROE,4200,A35438,4200_A35438,559,HTR
174,DIRK VAN DER GROE,4201,KLAB09249,4201_KLAB09249,519,HTR
174,DIRK VAN DER GROE,4202,KLAB09265,4202_KLAB09265,511,HTR
174,DIRK VAN DER GROE,4203,NOTA00285,4203_NOTA00285,534,HTR
174,DIRK VAN DER GROE,4204,NOTA00286,4204_NOTA00286,566,HTR
174,DIRK VAN DER GROE,4205,NOTA00287,4205_NOTA00287,650,HTR
174,DIRK VAN DER GROE,4206,KLAD00283,4206_KLAD00283,572,HTR
174,DIRK VAN DER GROE,4207,NOTA00288,4207_NOTA00288,570,HTR
174,DIRK VAN DER GROE,4208,KLAD00194,4208_KLAD00194,626,HTR
174,DIRK VAN DER GROE,4209,NOTA00289,4209_NOTA00289,455,HTR
174,DIRK VAN DER GROE,4210,NOTA00290,4210_NOTA00290,671,HTR
174,DIRK VAN DER GROE,4211,A26270,4211_A26270,623,HTR
174,DIRK VAN DER GROE,4212,KLAB05848,4212_KLAB05848,620,HTR
174,DIRK VAN DER GROE,4213,KLAB05936,4213_KLAB05936,494,HTR
174,DIRK VAN DER GROE,4214,NOTA00291,4214_NOTA00291,635,HTR
174,DIRK VAN DER GROE,4217,NOTA00296,4217_NOTA00296,492,HTR
174,DIRK VAN DER GROE,4219,NOTA00299,4219_NOTA00299,536,HTR
174,DIRK VAN DER GROE,4220,NOTA00300,4220_NOTA00300,533,HTR
174,DIRK VAN DER GROE,4221,NOTA00301,4221_NOTA00301,560,HTR
174,DIRK VAN DER GROE,4222,NOTA00302,4222_NOTA00302,503,HTR
174,DIRK VAN DER GROE,4225,NOTA00307,4225_NOTA00307,517,HTR
174,DIRK VAN DER GROE,4226,NOTA00308,4226_NOTA00308,452,HTR
174,DIRK VAN DER GROE,4227,NOTA00309,4227_NOTA00309,550,HTR
174,DIRK VAN DER GROE,4228,NOTA00310,4228_NOTA00310,648,HTR
174,DIRK VAN DER GROE,4229,NOTA00311,4229_NOTA00311,673,HTR
174,DIRK VAN DER GROE,4230,NOTA00312,4230_NOTA00312,509,HTR
174,DIRK VAN DER GROE,4231,KLAB06435,4231_KLAB06435,646,HTR
174,DIRK VAN DER GROE,4232,NOTA00313,4232_NOTA00313,558,HTR
174,DIRK VAN DER GROE,4233,NOTA00314,4233_NOTA00314,581,HTR
174,DIRK VAN DER GROE,4234,NOTA00315,4234_NOTA00315,535,HTR
174,DIRK VAN DER GROE,4235,NOTA00316,4235_NOTA00316,565,HTR
174,DIRK VAN DER GROE,4236,KLAB03580,4236_KLAB03580,528,HTR
174,DIRK VAN DER GROE,4237,NOTA00317,4237_NOTA00317,550,HTR
174,DIRK VAN DER GROE,4238,NOTA00318,4238_NOTA00318,553,HTR
174,DIRK VAN DER GROE,4239,NOTA00319,4239_NOTA00319,547,HTR
174,DIRK VAN DER GROE,4240,KLAB07075,4240_KLAB07075,405,HTR
174,DIRK VAN DER GROE,4241,NOTA00320,4241_NOTA00320,546,GT
174,DIRK VAN DER GROE,4242,NOTA00321,4242_NOTA00321,485,HTR
174,DIRK VAN DER GROE,4243,NOTA00322,4243_NOTA00322,433,HTR
174,DIRK VAN DER GROE,4244,NOTA00323,4244_NOTA00323,469,HTR
174,DIRK VAN DER GROE,4245,KLAC01074,4245_KLAC01074,598,HTR
174,DIRK VAN DER GROE,4246,A34428,4246_A34428,642,HTR
174,DIRK VAN DER GROE,4247,KLAB03728,4247_KLAB03728,603,HTR
174,DIRK VAN DER GROE,4248,KLAB03730,4248_KLAB03730,682,HTR
174,DIRK VAN DER GROE,4249,A35005,4249_A35005,467,HTR
174,DIRK VAN DER GROE,4250,KLAB03436,4250_KLAB03436,563,HTR
174,DIRK VAN DER GROE,4251,NOTA00324,4251_NOTA00324,362,HTR
174,DIRK VAN DER GROE,4252,A35011,4252_A35011,506,HTR
174,DIRK VAN DER GROE,4255,NOTA00326,4255_NOTA00326,366,HTR
174,DIRK VAN DER GROE,4256,KLAL06407,4256_KLAL06407,535,HTR
174,DIRK VAN DER GROE,4257,KLAB09642,4257_KLAB09642,658,HTR
174,DIRK VAN DER GROE,4258,NOTA00327,4258_NOTA00327,558,HTR
174,DIRK VAN DER GROE,4259,A27948,4259_A27948,654,HTR
174,DIRK VAN DER GROE,4260,KLAB07103,4260_KLAB07103,293,HTR
174,DIRK VAN DER GROE,4261,NOTD02651,4261_NOTD02651,379,HTR
174,DIRK VAN DER GROE,4262,NOTD02652,4262_NOTD02652,280,HTR
174,DIRK VAN DER GROE,4263,A34427,4263_A34427,188,HTR
174,DIRK VAN DER GROE,4264,A34448,4264_A34448,286,HTR
174,DIRK VAN DER GROE,4265,NOTD02653,4265_NOTD02653,56,HTR
174,DIRK VAN DER GROE,4266,NOTD02654,4266_NOTD02654,379,HTR
174,DIRK VAN DER GROE,4267,NOTD02655,4267_NOTD02655,370,HTR
174,DIRK VAN DER GROE,4268,NOTD02656,4268_NOTD02656,362,HTR
174,DIRK VAN DER GROE,4269,NOTD02657,4269_NOTD02657,371,HTR
174,DIRK VAN DER GROE,4270,NOTD02658,4270_NOTD02658,363,HTR
174,DIRK VAN DER GROE,4271,NOTD02659,4271_NOTD02659,276,HTR
174,DIRK VAN DER GROE,4272,KLAB09801,4272_KLAB09801,280,HTR
174,DIRK VAN DER GROE,4273,KLAB09768,4273_KLAB09768,276,HTR
174,DIRK VAN DER GROE,4274,NOTD02660,4274_NOTD02660,280,HTR
174,DIRK VAN DER GROE,4275,NOTD02661,4275_NOTD02661,264,HTR
174,DIRK VAN DER GROE,4276,NOTD02662,4276_NOTD02662,272,HTR
174,DIRK VAN DER GROE,4277,A34452,4277_A34452,287,HTR
174,DIRK VAN DER GROE,4278,NOTD02663,4278_NOTD02663,279,HTR
174,DIRK VAN DER GROE,4073A,NOTA00183,4073A_NOTA00183,454,HTR
174,DIRK VAN DER GROE,4073B,NOTA00184,4073B_NOTA00184,499,HTR
174,DIRK VAN DER GROE,4091A,NOTA00198,4091A_NOTA00198,368,HTR
174,DIRK VAN DER GROE,4091B,NOTA00199,4091B_NOTA00199,415,HTR
174,DIRK VAN DER GROE,4100A,NOTA00209,4100A_NOTA00209,389,HTR
174,DIRK VAN DER GROE,4100B,A34484,4100B_A34484,349,HTR
174,DIRK VAN DER GROE,4103A,NOTA00211,4103A_NOTA00211,358,HTR
174,DIRK VAN DER GROE,4103B,NOTA00210,4103B_NOTA00210,388,HTR
174,DIRK VAN DER GROE,4105A,NOTA00214,4105A_NOTA00214,335,HTR
174,DIRK VAN DER GROE,4105B,KLAB08974,4105B_KLAB08974,348,HTR
174,DIRK VAN DER GROE,4106A,KLAB08944,4106A_KLAB08944,394,HTR
174,DIRK VAN DER GROE,4106B,NOTA00215,4106B_NOTA00215,386,HTR
174,DIRK VAN DER GROE,4110A,A27089,4110A_A27089,378,HTR
174,DIRK VAN DER GROE,4110B,A27073,4110B_A27073,441,HTR
174,DIRK VAN DER GROE,4111A,A27085,4111A_A27085,350,HTR
174,DIRK VAN DER GROE,4111B,A27094,4111B_A27094,349,HTR
174,DIRK VAN DER GROE,4112A,A27103,4112A_A27103,338,HTR
174,DIRK VAN DER GROE,4112B,A27090,4112B_A27090,383,HTR
174,DIRK VAN DER GROE,4144A,NOTA00243,4144A_NOTA00243,285,HTR
174,DIRK VAN DER GROE,4144B,NOTA00242,4144B_NOTA00242,335,HTR
174,DIRK VAN DER GROE,4152A,NOTA00252,4152A_NOTA00252,331,HTR
174,DIRK VAN DER GROE,4152B,NOTA00251,4152B_NOTA00251,326,HTR
174,DIRK VAN DER GROE,4166A,NOTA00265,4166A_NOTA00265,496,HTR
174,DIRK VAN DER GROE,4166B,A25532,4166B_A25532,365,HTR
174,DIRK VAN DER GROE,4171A,NOTA00269,4171A_NOTA00269,414,HTR
174,DIRK VAN DER GROE,4171B,NOTA00270,4171B_NOTA00270,318,HTR
174,DIRK VAN DER GROE,4172A,A34461,4172A_A34461,338,HTR
174,DIRK VAN DER GROE,4172B,NOTA00271,4172B_NOTA00271,281,HTR
174,DIRK VAN DER GROE,4181A,NOTA00277,4181A_NOTA00277,377,HTR
174,DIRK VAN DER GROE,4181B,NOTA00276,4181B_NOTA00276,288,HTR
174,DIRK VAN DER GROE,4182A,KLAB09727,4182A_KLAB09727,258,HTR
174,DIRK VAN DER GROE,4182B,NOTA00278,4182B_NOTA00278,406,HTR
174,DIRK VAN DER GROE,4186A,NOTA00281,4186A_NOTA00281,396,HTR
174,DIRK VAN DER GROE,4186B,NOTA00280,4186B_NOTA00280,310,HTR
174,DIRK VAN DER GROE,4187A,NOTA00283,4187A_NOTA00283,290,HTR
174,DIRK VAN DER GROE,4187B,NOTA00282,4187B_NOTA00282,419,HTR
174,DIRK VAN DER GROE,4195A,NOTA00284,4195A_NOTA00284,385,HTR
174,DIRK VAN DER GROE,4195B,KLAB09105,4195B_KLAB09105,399,HTR
174,DIRK VAN DER GROE,4215A,NOTA00292,4215A_NOTA00292,377,HTR
174,DIRK VAN DER GROE,4215B,NOTA00293,4215B_NOTA00293,434,HTR
174,DIRK VAN DER GROE,4216A,NOTA00294,4216A_NOTA00294,387,HTR
174,DIRK VAN DER GROE,4216B,NOTA00295,4216B_NOTA00295,429,HTR
174,DIRK VAN DER GROE,4218A,NOTA00298,4218A_NOTA00298,396,HTR
174,DIRK VAN DER GROE,4218B,NOTA00297,4218B_NOTA00297,329,HTR
174,DIRK VAN DER GROE,4223A,NOTA00304,4223A_NOTA00304,349,HTR
174,DIRK VAN DER GROE,4223B,NOTA00303,4223B_NOTA00303,340,HTR
174,DIRK VAN DER GROE,4224A,NOTA00305,4224A_NOTA00305,355,HTR
174,DIRK VAN DER GROE,4224B,NOTA00306,4224B_NOTA00306,409,HTR
174,DIRK VAN DER GROE,4253A,NOTA00325,4253A_NOTA00325,397,HTR
174,DIRK VAN DER GROE,4253B,KLAB05919,4253B_KLAB05919,389,HTR
174,DIRK VAN DER GROE,4254A,A25174,4254A_A25174,378,HTR
174,DIRK VAN DER GROE,4254B,A25145,4254B_A25145,543,HTR
189,DAVID STAFMAEKER VARLET,4734,NOTI00428,4734_NOTI00428,544,GT
189,DAVID STAFMAEKER VARLET,4735,NOTI00429,4735_NOTI00429,595,GT
189,DAVID STAFMAEKER VARLET,4736,NOTI00430,4736_NOTI00430,201,HTR
189,DAVID STAFMAEKER VARLET,4737,NOTI00431,4737_NOTI00431,459,HTR
189,DAVID STAFMAEKER VARLET,4738,NOTI00432,4738_NOTI00432,540,HTR
189,DAVID STAFMAEKER VARLET,4739,NOTI00433,4739_NOTI00433,458,HTR
189,DAVID STAFMAEKER VARLET,4740,KLAD02983,4740_KLAD02983,566,HTR
189,DAVID STAFMAEKER VARLET,4741,KLAG02227,4741_KLAG02227,521,HTR
189,DAVID STAFMAEKER VARLET,4742,A25709,4742_A25709,465,HTR
189,DAVID STAFMAEKER VARLET,4743,NOTI00434,4743_NOTI00434,473,HTR
189,DAVID STAFMAEKER VARLET,4744,NOTI00435,4744_NOTI00435,603,HTR
189,DAVID STAFMAEKER VARLET,4745,NOTI00436,4745_NOTI00436,611,HTR
189,DAVID STAFMAEKER VARLET,4746,NOTI00437,4746_NOTI00437,599,HTR
189,DAVID STAFMAEKER VARLET,4747,NOTI00438,4747_NOTI00438,601,HTR
189,DAVID STAFMAEKER VARLET,4748,KLAF00886,4748_KLAF00886,700,HTR
189,DAVID STAFMAEKER VARLET,4749,NOTI00439,4749_NOTI00439,638,HTR
189,DAVID STAFMAEKER VARLET,4750,NOTI00440,4750_NOTI00440,656,HTR
189,DAVID STAFMAEKER VARLET,4751,NOTI00441,4751_NOTI00441,238,HTR
189,DAVID STAFMAEKER VARLET,4752,KLAF01390,4752_KLAF01390,279,HTR
189,DAVID STAFMAEKER VARLET,4753,NOTI00442,4753_NOTI00442,327,HTR
189,DAVID STAFMAEKER VARLET,4754,NOTI00443,4754_NOTI00443,389,HTR
189,DAVID STAFMAEKER VARLET,4755,NOTI00444,4755_NOTI00444,380,HTR
189,DAVID STAFMAEKER VARLET,4756,NOTI00445,4756_NOTI00445,274,HTR
189,DAVID STAFMAEKER VARLET,4757,NOTI00446,4757_NOTI00446,405,HTR
189,DAVID STAFMAEKER VARLET,4758,NOTI00447,4758_NOTI00447,273,HTR
189,DAVID STAFMAEKER VARLET,4759,NOTI00448,4759_NOTI00448,748,HTR
189,DAVID STAFMAEKER VARLET,4760,NOTI00449,4760_NOTI00449,851,HTR
189,DAVID STAFMAEKER VARLET,4761,NOTI00450,4761_NOTI00450,426,HTR
189,DAVID STAFMAEKER VARLET,4762,NOTI00451,4762_NOTI00451,427,HTR
189,DAVID STAFMAEKER VARLET,4763,NOTI00452,4763_NOTI00452,440,HTR
189,DAVID STAFMAEKER VARLET,4764,KLAG00036,4764_KLAG00036,381,HTR
208,SIMON VAN SEVENHOVEN,5301,NOTD02572,5301_NOTD02572,384,GT
261,DAVID DES POMMARE,6924,KLAB05138,6924_KLAB05138,110,GT
265,CORNELIS VAN LOON,6972,NOTI00684,6972_NOTI00684,203,GT
265,CORNELIS VAN LOON,7002,NOTI00710,7002_NOTI00710,330,GT
291,GERARD VAN ESTERWEGE,8068,KLAC01602,8068_KLAC01602,560,HTR
291,GERARD VAN ESTERWEGE,8069,KLAB08812,8069_KLAB08812,787,HTR
300,WILLEM DE FAY,8304A,VBPD00001,8304A_VBPD00001,400,HTR
300,WILLEM DE FAY,8304B,VBPD00002,8304B_VBPD00002,414,HTR
300,WILLEM DE FAY,8305A,VBPD00003,8305A_VBPD00003,394,HTR
300,WILLEM DE FAY,8305B,VBPD00004,8305B_VBPD00004,444,HTR
300,WILLEM DE FAY,8306A,VBPD00005,8306A_VBPD00005,456,HTR
300,WILLEM DE FAY,8306B,VBPD00006,8306B_VBPD00006,426,HTR
300,WILLEM DE FAY,8307A,VBPD00007,8307A_VBPD00007,382,HTR
300,WILLEM DE FAY,8307B,VBPD00008,8307B_VBPD00008,306,HTR
300,WILLEM DE FAY,8307C,VBPD00009,8307C_VBPD00009,464,HTR
300,WILLEM DE FAY,8308A,VBPD00010,8308A_VBPD00010,508,HTR
300,WILLEM DE FAY,8308B,VBPD00011,8308B_VBPD00011,464,HTR
307,JAN BARELS DE JONGE,8797,KLAG05844,8797_KLAG05844,110,GT
334,PHILIP ZWEERTS,10021,NOTA00961,10021_NOTA00961,270,HTR
334,PHILIP ZWEERTS,10022,NOTA00962,10022_NOTA00962,309,HTR
334,PHILIP ZWEERTS,10023,A32476,10023_A32476,528,HTR
334,PHILIP ZWEERTS,10024,KLAC00886,10024_KLAC00886,269,HTR
334,PHILIP ZWEERTS,10025,NOTA00963,10025_NOTA00963,373,HTR
334,PHILIP ZWEERTS,10026,NOTA00964,10026_NOTA00964,492,HTR
334,PHILIP ZWEERTS,10027,NOTA00965,10027_NOTA00965,411,HTR
334,PHILIP ZWEERTS,10028,NOTA00966,10028_NOTA00966,603,HTR
334,PHILIP ZWEERTS,10029,NOTA00967,10029_NOTA00967,496,HTR
334,PHILIP ZWEERTS,10030,NOTA00968,10030_NOTA00968,565,HTR
334,PHILIP ZWEERTS,10031,NOTA00969,10031_NOTA00969,456,HTR
334,PHILIP ZWEERTS,10032,NOTA00970,10032_NOTA00970,430,HTR
334,PHILIP ZWEERTS,10033,NOTA00971,10033_NOTA00971,402,HTR
334,PHILIP ZWEERTS,10034,NOTA00972,10034_NOTA00972,267,HTR
334,PHILIP ZWEERTS,10035,NOTA00973,10035_NOTA00973,343,HTR
334,PHILIP ZWEERTS,10036,NOTA00974,10036_NOTA00974,395,HTR
334,PHILIP ZWEERTS,10037,NOTA00975,10037_NOTA00975,546,HTR
334,PHILIP ZWEERTS,10038,NOTA00976,10038_NOTA00976,423,HTR
334,PHILIP ZWEERTS,10039,NOTA00977,10039_NOTA00977,453,HTR
334,PHILIP ZWEERTS,10040,NOTA00978,10040_NOTA00978,367,HTR
334,PHILIP ZWEERTS,10041,NOTA00979,10041_NOTA00979,430,HTR
334,PHILIP ZWEERTS,10042,NOTA00980,10042_NOTA00980,462,HTR
334,PHILIP ZWEERTS,10043,KLAB06641,10043_KLAB06641,406,HTR
334,PHILIP ZWEERTS,10044,KLAB02683,10044_KLAB02683,394,HTR
334,PHILIP ZWEERTS,10045,NOTA00981,10045_NOTA00981,656,HTR
334,PHILIP ZWEERTS,10046,NOTA00982,10046_NOTA00982,755,HTR
334,PHILIP ZWEERTS,10047,NOTA00983,10047_NOTA00983,652,HTR
334,PHILIP ZWEERTS,10048,NOTA00984,10048_NOTA00984,555,HTR
334,PHILIP ZWEERTS,10049,NOTA00985,10049_NOTA00985,618,HTR
334,PHILIP ZWEERTS,10050,NOTA00986,10050_NOTA00986,668,HTR
334,PHILIP ZWEERTS,10051,NOTA00987,10051_NOTA00987,439,HTR
334,PHILIP ZWEERTS,10052,NOTA00988,10052_NOTA00988,541,HTR
334,PHILIP ZWEERTS,10053,NOTA00989,10053_NOTA00989,455,HTR
334,PHILIP ZWEERTS,10054,NOTA00990,10054_NOTA00990,551,HTR
334,PHILIP ZWEERTS,10055,NOTA00991,10055_NOTA00991,350,HTR
334,PHILIP ZWEERTS,10056,NOTA00992,10056_NOTA00992,461,HTR
334,PHILIP ZWEERTS,10057,NOTA00993,10057_NOTA00993,527,HTR
334,PHILIP ZWEERTS,10058,NOTA00994,10058_NOTA00994,498,HTR
334,PHILIP ZWEERTS,10059,NOTA00995,10059_NOTA00995,356,HTR
334,PHILIP ZWEERTS,10060,NOTA00996,10060_NOTA00996,430,HTR
334,PHILIP ZWEERTS,10061,NOTA00997,10061_NOTA00997,839,HTR
334,PHILIP ZWEERTS,10062,NOTA00998,10062_NOTA00998,641,HTR
334,PHILIP ZWEERTS,10063,NOTA00999,10063_NOTA00999,621,HTR
334,PHILIP ZWEERTS,10064,NOTA01000,10064_NOTA01000,548,HTR
334,PHILIP ZWEERTS,10065,KLAB07283,10065_KLAB07283,484,HTR
334,PHILIP ZWEERTS,10066,NOTA01001,10066_NOTA01001,294,HTR
334,PHILIP ZWEERTS,10067,NOTA01002,10067_NOTA01002,182,HTR
342,DANIEL VAN DEN BRINK,10298,NOTA01003,10298_NOTA01003,200,GT
342,DANIEL VAN DEN BRINK,10299,NOTA01004,10299_NOTA01004,598,GT
342,DANIEL VAN DEN BRINK,10400,NOTA01099,10400_NOTA01099,200,GT
342,DANIEL VAN DEN BRINK,10661,NOTD03040,10661_NOTD03040,206,GT
358,JAN VERLEIJ,11925,KLAB05733,11925_KLAB05733,525,GT
358,JAN VERLEIJ,11885,KLAB05372,11885_KLAB05372,398,HTR
358,JAN VERLEIJ,11886,KLAB05356,11886_KLAB05356,408,HTR
358,JAN VERLEIJ,11887,KLAB05385,11887_KLAB05385,539,HTR
358,JAN VERLEIJ,11888,KLAB05368,11888_KLAB05368,530,HTR
358,JAN VERLEIJ,11889,KLAB05459,11889_KLAB05459,555,HTR
358,JAN VERLEIJ,11890,KLAB05439,11890_KLAB05439,553,HTR
358,JAN VERLEIJ,11891,KLAB05426,11891_KLAB05426,561,HTR
358,JAN VERLEIJ,11892,KLAB05453,11892_KLAB05453,435,HTR
358,JAN VERLEIJ,11893,KLAB05410,11893_KLAB05410,512,HTR
358,JAN VERLEIJ,11894,KLAB05414,11894_KLAB05414,514,HTR
358,JAN VERLEIJ,11895,KLAB05405,11895_KLAB05405,552,HTR
358,JAN VERLEIJ,11896,KLAB05417,11896_KLAB05417,567,HTR
358,JAN VERLEIJ,11897,KLAB05428,11897_KLAB05428,440,HTR
358,JAN VERLEIJ,11898,KLAB05443,11898_KLAB05443,471,HTR
358,JAN VERLEIJ,11899,KLAB05532,11899_KLAB05532,553,HTR
358,JAN VERLEIJ,11900,KLAB05523,11900_KLAB05523,548,HTR
358,JAN VERLEIJ,11901,A27120,11901_A27120,587,HTR
358,JAN VERLEIJ,11902,KLAB05517,11902_KLAB05517,743,HTR
358,JAN VERLEIJ,11903,KLAB05521,11903_KLAB05521,390,HTR
358,JAN VERLEIJ,11904,KLAB05552,11904_KLAB05552,664,HTR
358,JAN VERLEIJ,11905,KLAB05559,11905_KLAB05559,750,HTR
358,JAN VERLEIJ,11906,KLAB05516,11906_KLAB05516,464,HTR
358,JAN VERLEIJ,11907,KLAB05529,11907_KLAB05529,551,HTR
358,JAN VERLEIJ,11908,KLAB05596,11908_KLAB05596,539,HTR
358,JAN VERLEIJ,11909,KLAB05631,11909_KLAB05631,523,HTR
358,JAN VERLEIJ,11910,KLAB05289,11910_KLAB05289,502,HTR
358,JAN VERLEIJ,11911,KLAB05645,11911_KLAB05645,581,HTR
358,JAN VERLEIJ,11912,KLAB05664,11912_KLAB05664,571,HTR
358,JAN VERLEIJ,11913,KLAB05640,11913_KLAB05640,454,HTR
358,JAN VERLEIJ,11914,KLAB05652,11914_KLAB05652,595,HTR
358,JAN VERLEIJ,11915,KLAB05657,11915_KLAB05657,661,HTR
358,JAN VERLEIJ,11916,KLAB05650,11916_KLAB05650,460,HTR
358,JAN VERLEIJ,11917,KLAB05616,11917_KLAB05616,550,HTR
358,JAN VERLEIJ,11918,KLAB05633,11918_KLAB05633,555,HTR
358,JAN VERLEIJ,11919,KLAB05698,11919_KLAB05698,512,HTR
358,JAN VERLEIJ,11920,KLAB05777,11920_KLAB05777,466,HTR
358,JAN VERLEIJ,11921,KLAB05696,11921_KLAB05696,573,HTR
358,JAN VERLEIJ,11922,KLAB05709,11922_KLAB05709,570,HTR
358,JAN VERLEIJ,11923,KLAB05718,11923_KLAB05718,502,HTR
358,JAN VERLEIJ,11924,KLAB05776,11924_KLAB05776,625,HTR
358,JAN VERLEIJ,11926,KLAB05747,11926_KLAB05747,361,HTR
358,JAN VERLEIJ,11927,KLAB05727,11927_KLAB05727,492,HTR
358,JAN VERLEIJ,11928,KLAB05756,11928_KLAB05756,381,HTR
358,JAN VERLEIJ,11929,KLAB05845,11929_KLAB05845,540,HTR
358,JAN VERLEIJ,11930,KLAB05899,11930_KLAB05899,634,HTR
358,JAN VERLEIJ,11931,KLAB05945,11931_KLAB05945,438,HTR
358,JAN VERLEIJ,11932,KLAB05878,11932_KLAB05878,587,HTR
358,JAN VERLEIJ,11933,KLAB05935,11933_KLAB05935,647,HTR
358,JAN VERLEIJ,11934,KLAB05869,11934_KLAB05869,536,HTR
358,JAN VERLEIJ,11935,KLAB05923,11935_KLAB05923,481,HTR
358,JAN VERLEIJ,11936,KLAB05863,11936_KLAB05863,480,HTR
358,JAN VERLEIJ,11937,KLAB05867,11937_KLAB05867,471,HTR
358,JAN VERLEIJ,11938,KLAB05912,11938_KLAB05912,537,HTR
358,JAN VERLEIJ,11939,KLAB05829,11939_KLAB05829,452,HTR
358,JAN VERLEIJ,11940,KLAB05940,11940_KLAB05940,469,HTR
358,JAN VERLEIJ,11941,KLAB05933,11941_KLAB05933,434,HTR
358,JAN VERLEIJ,11942,KLAB05904,11942_KLAB05904,457,HTR
358,JAN VERLEIJ,11943,KLAB05857,11943_KLAB05857,476,HTR
358,JAN VERLEIJ,11944,KLAB06162,11944_KLAB06162,407,HTR
358,JAN VERLEIJ,11945,KLAB06150,11945_KLAB06150,369,HTR
358,JAN VERLEIJ,11946,KLAB06180,11946_KLAB06180,453,HTR
358,JAN VERLEIJ,11947,KLAB06161,11947_KLAB06161,476,HTR
358,JAN VERLEIJ,11948,KLAB06151,11948_KLAB06151,641,HTR
358,JAN VERLEIJ,11949,A26619,11949_A26619,461,HTR
358,JAN VERLEIJ,11950,KLAB06179,11950_KLAB06179,413,HTR
358,JAN VERLEIJ,11951,KLAB06190,11951_KLAB06190,471,HTR
358,JAN VERLEIJ,11952,KLAB06160,11952_KLAB06160,461,HTR
358,JAN VERLEIJ,11953,KLAB06159,11953_KLAB06159,394,HTR
358,JAN VERLEIJ,11954,KLAB06144,11954_KLAB06144,440,HTR
358,JAN VERLEIJ,11955,KLAB06472,11955_KLAB06472,489,HTR
358,JAN VERLEIJ,11956,KLAB06473,11956_KLAB06473,384,HTR
358,JAN VERLEIJ,11957,KLAB06471,11957_KLAB06471,468,HTR
358,JAN VERLEIJ,11958,KLAB06470,11958_KLAB06470,489,HTR
358,JAN VERLEIJ,11959,KLAB06469,11959_KLAB06469,321,HTR
358,JAN VERLEIJ,11960,KLAB06468,11960_KLAB06468,380,HTR
358,JAN VERLEIJ,11961,KLAB06467,11961_KLAB06467,453,HTR
358,JAN VERLEIJ,11962,KLAB06466,11962_KLAB06466,406,HTR
358,JAN VERLEIJ,11963,KLAB06693,11963_KLAB06693,430,HTR
358,JAN VERLEIJ,11964,KLAB06775,11964_KLAB06775,421,HTR
358,JAN VERLEIJ,11965,KLAB06712,11965_KLAB06712,475,HTR
358,JAN VERLEIJ,11966,KLAB07040,11966_KLAB07040,543,HTR
358,JAN VERLEIJ,11967,KLAB07041,11967_KLAB07041,437,HTR
358,JAN VERLEIJ,11968,KLAB07039,11968_KLAB07039,47,HTR
371,HERMANUS VAN HEEL,12788,NOTI01181,12788_NOTI01181,500,GT
371,HERMANUS VAN HEEL,12788,NOTI01181,12788_NOTI01181,803,HTR
371,HERMANUS VAN HEEL,12789,NOTI01182,12789_NOTI01182,597,GT
371,HERMANUS VAN HEEL,12790,NOTJ01580,12790_NOTJ01580,653,HTR
371,HERMANUS VAN HEEL,12791,NOTI01184,12791_NOTI01184,477,HTR
371,HERMANUS VAN HEEL,12792,NOTI01185,12792_NOTI01185,389,HTR
371,HERMANUS VAN HEEL,12793,NOTI01186,12793_NOTI01186,506,HTR
371,HERMANUS VAN HEEL,12794,NOTJ01581,12794_NOTJ01581,455,HTR
371,HERMANUS VAN HEEL,12795,NOTI01188,12795_NOTI01188,473,HTR
371,HERMANUS VAN HEEL,12796,NOTI01189,12796_NOTI01189,740,HTR
371,HERMANUS VAN HEEL,12797,NOTI01190,12797_NOTI01190,545,HTR
371,HERMANUS VAN HEEL,12798,NOTI01191,12798_NOTI01191,698,HTR
371,HERMANUS VAN HEEL,12799,NOTI01192,12799_NOTI01192,542,HTR
371,HERMANUS VAN HEEL,12800,NOTI01193,12800_NOTI01193,410,HTR
371,HERMANUS VAN HEEL,12801,NOTI01194,12801_NOTI01194,627,HTR
371,HERMANUS VAN HEEL,12802,NOTI01195,12802_NOTI01195,511,HTR
371,HERMANUS VAN HEEL,12803,NOTI01196,12803_NOTI01196,715,HTR
371,HERMANUS VAN HEEL,12804,NOTI01197,12804_NOTI01197,573,HTR
371,HERMANUS VAN HEEL,12805,NOTI01198,12805_NOTI01198,591,HTR
371,HERMANUS VAN HEEL,12806,NOTI01199,12806_NOTI01199,570,HTR
371,HERMANUS VAN HEEL,12807,NOTI01200,12807_NOTI01200,501,HTR
371,HERMANUS VAN HEEL,12808,A33456,12808_A33456,477,HTR
371,HERMANUS VAN HEEL,12809,A33401,12809_A33401,628,HTR
371,HERMANUS VAN HEEL,12810,KLAD02203,12810_KLAD02203,631,HTR
371,HERMANUS VAN HEEL,12811,NOTI01201,12811_NOTI01201,736,HTR
371,HERMANUS VAN HEEL,12812,NOTI01202,12812_NOTI01202,540,HTR
371,HERMANUS VAN HEEL,12813,NOTI01203,12813_NOTI01203,567,HTR
371,HERMANUS VAN HEEL,12814,NOTI01204,12814_NOTI01204,523,HTR
371,HERMANUS VAN HEEL,12815,NOTI01205,12815_NOTI01205,560,HTR
371,HERMANUS VAN HEEL,12816,NOTI01206,12816_NOTI01206,517,HTR
371,HERMANUS VAN HEEL,12817,NOTI01207,12817_NOTI01207,539,HTR
371,HERMANUS VAN HEEL,12818,NOTI01208,12818_NOTI01208,480,HTR
371,HERMANUS VAN HEEL,12819,NOTI01209,12819_NOTI01209,531,HTR
371,HERMANUS VAN HEEL,12820,NOTI01210,12820_NOTI01210,384,HTR
371,HERMANUS VAN HEEL,12821,NOTI01211,12821_NOTI01211,507,HTR
371,HERMANUS VAN HEEL,12822,NOTI01212,12822_NOTI01212,569,HTR
371,HERMANUS VAN HEEL,12823,NOTI01213,12823_NOTI01213,651,HTR
371,HERMANUS VAN HEEL,12824,NOTI01214,12824_NOTI01214,593,HTR
371,HERMANUS VAN HEEL,12825,NOTI01215,12825_NOTI01215,467,HTR
371,HERMANUS VAN HEEL,12826,NOTI01216,12826_NOTI01216,479,HTR
371,HERMANUS VAN HEEL,12827,NOTI01217,12827_NOTI01217,513,HTR
371,HERMANUS VAN HEEL,12828,NOTI01218,12828_NOTI01218,436,HTR
371,HERMANUS VAN HEEL,12829,NOTI01091,12829_NOTI01091,542,HTR
371,HERMANUS VAN HEEL,12830,NOTI01092,12830_NOTI01092,596,HTR
371,HERMANUS VAN HEEL,12831,KLAB03054,12831_KLAB03054,681,HTR
371,HERMANUS VAN HEEL,12832,NOTI01093,12832_NOTI01093,550,HTR
371,HERMANUS VAN HEEL,12833,NOTI01094,12833_NOTI01094,591,HTR
371,HERMANUS VAN HEEL,12834,NOTI01095,12834_NOTI01095,585,HTR
371,HERMANUS VAN HEEL,12835,NOTI01096,12835_NOTI01096,586,HTR
371,HERMANUS VAN HEEL,12836,NOTI01097,12836_NOTI01097,572,HTR
371,HERMANUS VAN HEEL,12837,NOTI01098,12837_NOTI01098,596,HTR
371,HERMANUS VAN HEEL,12838,A22275,12838_A22275,592,HTR
371,HERMANUS VAN HEEL,12839,NOTI01099,12839_NOTI01099,638,HTR
371,HERMANUS VAN HEEL,12840,NOTI01100,12840_NOTI01100,635,HTR
371,HERMANUS VAN HEEL,12841,NOTI01101,12841_NOTI01101,670,HTR
371,HERMANUS VAN HEEL,12842,NOTI01102,12842_NOTI01102,632,HTR
371,HERMANUS VAN HEEL,12843,NOTI01103,12843_NOTI01103,586,HTR
371,HERMANUS VAN HEEL,12844,NOTI01104,12844_NOTI01104,575,HTR
371,HERMANUS VAN HEEL,12845,NOTI01105,12845_NOTI01105,672,HTR
371,HERMANUS VAN HEEL,12846,NOTI01106,12846_NOTI01106,588,HTR
371,HERMANUS VAN HEEL,12847,NOTI01107,12847_NOTI01107,686,HTR
371,HERMANUS VAN HEEL,12848,NOTI01108,12848_NOTI01108,700,HTR
371,HERMANUS VAN HEEL,12849,KLAB09039,12849_KLAB09039,662,HTR
371,HERMANUS VAN HEEL,12850,NOTI01109,12850_NOTI01109,642,HTR
371,HERMANUS VAN HEEL,12851,NOTI01110,12851_NOTI01110,680,HTR
371,HERMANUS VAN HEEL,12852,NOTI01111,12852_NOTI01111,537,HTR
371,HERMANUS VAN HEEL,12853,KLAG03569,12853_KLAG03569,739,HTR
371,HERMANUS VAN HEEL,12854,NOTI01112,12854_NOTI01112,986,HTR
371,HERMANUS VAN HEEL,12855,NOTI01113,12855_NOTI01113,645,HTR
371,HERMANUS VAN HEEL,12856,NOTI01114,12856_NOTI01114,691,HTR
371,HERMANUS VAN HEEL,12857,NOTI01115,12857_NOTI01115,656,HTR
371,HERMANUS VAN HEEL,12858,NOTG00021,12858_NOTG00021,840,HTR
371,HERMANUS VAN HEEL,12859,KLAB08114,12859_KLAB08114,684,HTR
371,HERMANUS VAN HEEL,12860,NOTI01116,12860_NOTI01116,577,HTR
371,HERMANUS VAN HEEL,12861,NOTI01117,12861_NOTI01117,622,HTR
371,HERMANUS VAN HEEL,12862,NOTI01118,12862_NOTI01118,716,HTR
371,HERMANUS VAN HEEL,12863,A29378,12863_A29378,868,HTR
371,HERMANUS VAN HEEL,12864,NOTI01119,12864_NOTI01119,682,HTR
371,HERMANUS VAN HEEL,12865,NOTI01120,12865_NOTI01120,751,HTR
371,HERMANUS VAN HEEL,12866,NOTG00022,12866_NOTG00022,700,HTR
371,HERMANUS VAN HEEL,12867,NOTI01121,12867_NOTI01121,826,HTR
371,HERMANUS VAN HEEL,12868,NOTI01122,12868_NOTI01122,604,HTR
371,HERMANUS VAN HEEL,12869,NOTG00023,12869_NOTG00023,600,HTR
371,HERMANUS VAN HEEL,12870,NOTI01123,12870_NOTI01123,640,HTR
371,HERMANUS VAN HEEL,12871,NOTI01124,12871_NOTI01124,703,HTR
371,HERMANUS VAN HEEL,12872,NOTI01125,12872_NOTI01125,571,HTR
371,HERMANUS VAN HEEL,12873,NOTI01126,12873_NOTI01126,762,HTR
371,HERMANUS VAN HEEL,12874,NOTI01127,12874_NOTI01127,692,HTR
371,HERMANUS VAN HEEL,12875,KLAB00116,12875_KLAB00116,686,HTR
371,HERMANUS VAN HEEL,12876,NOTI01219,12876_NOTI01219,486,HTR
371,HERMANUS VAN HEEL,12877,NOTI01220,12877_NOTI01220,657,HTR
371,HERMANUS VAN HEEL,12878,NOTI01221,12878_NOTI01221,573,HTR
371,HERMANUS VAN HEEL,12879,NOTI01222,12879_NOTI01222,677,HTR
371,HERMANUS VAN HEEL,12880,NOTI01223,12880_NOTI01223,533,HTR
371,HERMANUS VAN HEEL,12881,NOTI01224,12881_NOTI01224,672,HTR
371,HERMANUS VAN HEEL,12882,NOTI01225,12882_NOTI01225,705,HTR
371,HERMANUS VAN HEEL,12883,NOTI01226,12883_NOTI01226,825,HTR
371,HERMANUS VAN HEEL,12884,NOTI01227,12884_NOTI01227,394,HTR
377,CORNELIS STAAL,13131,A31239,13131_A31239,933,GT
377,CORNELIS STAAL,13132,KLAC01201,13132_KLAC01201,748,GT
377,CORNELIS STAAL,13133,KLAC01152,13133_KLAC01152,538,GT
377,CORNELIS STAAL,13134,KLAC01199,13134_KLAC01199,534,GT
390,HENDRIK DANIEL VAN HOORN,14255,KLAC00384,14255_KLAC00384,545,HTR
390,HENDRIK DANIEL VAN HOORN,14256,KLAC00452,14256_KLAC00452,708,HTR
390,HENDRIK DANIEL VAN HOORN,14257,KLAC00451,14257_KLAC00451,686,HTR
390,HENDRIK DANIEL VAN HOORN,14258,KLAC00437,14258_KLAC00437,704,HTR
390,HENDRIK DANIEL VAN HOORN,14259,KLAC00463,14259_KLAC00463,634,HTR
390,HENDRIK DANIEL VAN HOORN,14260,KLAC00458,14260_KLAC00458,627,GT
390,HENDRIK DANIEL VAN HOORN,14261,KLAC00470,14261_KLAC00470,544,HTR
390,HENDRIK DANIEL VAN HOORN,14262,KLAC00396,14262_KLAC00396,325,HTR
390,HENDRIK DANIEL VAN HOORN,14263,KLAC00391,14263_KLAC00391,677,HTR
390,HENDRIK DANIEL VAN HOORN,14264,KLAC00371,14264_KLAC00371,463,HTR
390,HENDRIK DANIEL VAN HOORN,14265,KLAC00421,14265_KLAC00421,567,HTR
390,HENDRIK DANIEL VAN HOORN,14266,KLAC00655,14266_KLAC00655,483,HTR
390,HENDRIK DANIEL VAN HOORN,14267,KLAC00675,14267_KLAC00675,490,HTR
390,HENDRIK DANIEL VAN HOORN,14268,KLAC00678,14268_KLAC00678,698,HTR
390,HENDRIK DANIEL VAN HOORN,14269,KLAC00687,14269_KLAC00687,912,HTR
390,HENDRIK DANIEL VAN HOORN,14270,KLAC00715,14270_KLAC00715,701,HTR
390,HENDRIK DANIEL VAN HOORN,14271,KLAC00736,14271_KLAC00736,795,HTR
390,HENDRIK DANIEL VAN HOORN,14272,KLAC00814,14272_KLAC00814,513,HTR
390,HENDRIK DANIEL VAN HOORN,14273,KLAC00769,14273_KLAC00769,505,HTR
390,HENDRIK DANIEL VAN HOORN,14274,KLAC00822,14274_KLAC00822,754,HTR
390,HENDRIK DANIEL VAN HOORN,14275,KLAC01158,14275_KLAC01158,218,GT
390,HENDRIK DANIEL VAN HOORN,14276,KLAC01163,14276_KLAC01163,246,HTR
